Workbook

Sheet TIRATA_01_225-245
A1: PIANO DI STENDIMENTO · 132 kV QUARTAIE–MOLASSANA · TIRATA 1 · 225–245
D2: PROGETTO 23842B1 · IMPRESA ESECUTRICE ELECNOR | V2: OPGW PRYSMIAN C61 · 48 FIBRE · ETRS89 / UTM 32N
A4: DATI DELLA TIRATA | B4: Lunghezza: 3.792,16 m | N4: Bobina: 4.000,00 m | Z4: Margine: 207,84 m | AL4: Tiro: DA DEFINIRE
B5: FRENO · Tesmec PT1250 · sostegno 225 · angolo 90° · distanza 15 m · DIRETTO | X5: ARGANO · Tesmec PL1150 · sostegno 245 · angolo 0° · distanza 13 m · ROVESCIO-RINVIATO
A7: ATTRAVERSAMENTI | B7: 225–226 | D7: 226–227 | F7: 227–228 | H7: 228–229 | J7: 229–230 | L7: 230–231 | N7: 231–232 | P7: 232–233 | R7: 233–234 | T7: 234–235 | V7: 235–236 | X7: 236–237 | Z7: 237–238 | AB7: 238–239 | AD7: 239–240 | AF7: 240–241 | AH7: 241–242 | AJ7: 242–243 | AL7: 243–244 | AN7: 244–245 | AP7: FINE
A8: Tipo · riferimento | B8: =IFERROR(INDEX('04 Interferencias'!$D:$D,MATCH(SUBSTITUTE(B7,"–","-"),'04 Interferencias'!$A:$A,0)),"—") -> Torrente Lav | D8: =IFERROR(INDEX('04 Interferencias'!$D:$D,MATCH(SUBSTITUTE(D7,"–","-"),'04 Interferencias'!$A:$A,0)),"—") -> SC. BT. IP. Teleferica | F8: =IFERROR(INDEX('04 Interferencias'!$D:$D,MATCH(SUBSTITUTE(F7,"–","-"),'04 Interferencias'!$A:$A,0)),"—") -> BT in cavo casa a 5 mt. | H8: =IFERROR(INDEX('04 Interferencias'!$D:$D,MATCH(SUBSTITUTE(H7,"–","-"),'04 Interferencias'!$A:$A,0)),"—") -> casa BT in cavo A10 SC. Teleferica - capannone | J8: =IFERROR(INDEX('04 Interferencias'!$D:$D,MATCH(SUBSTITUTE(J7,"–","-"),'04 Interferencias'!$A:$A,0)),"—") -> — | L8: =IFERROR(INDEX('04 Interferencias'!$D:$D,MATCH(SUBSTITUTE(L7,"–","-"),'04 Interferencias'!$A:$A,0)),"—") -> Teleferica | N8: =IFERROR(INDEX('04 Interferencias'!$D:$D,MATCH(SUBSTITUTE(N7,"–","-"),'04 Interferencias'!$A:$A,0)),"—") -> Teleferica | P8: =IFERROR(INDEX('04 Interferencias'!$D:$D,MATCH(SUBSTITUTE(P7,"–","-"),'04 Interferencias'!$A:$A,0)),"—") -> Teleferica BT SC Str,privata | R8: =IFERROR(INDEX('04 Interferencias'!$D:$D,MATCH(SUBSTITUTE(R7,"–","-"),'04 Interferencias'!$A:$A,0)),"—") -> Vasca acqua tubo acqua | T8: =IFERROR(INDEX('04 Interferencias'!$D:$D,MATCH(SUBSTITUTE(T7,"–","-"),'04 Interferencias'!$A:$A,0)),"—") -> — | V8: =IFERROR(INDEX('04 Interferencias'!$D:$D,MATCH(SUBSTITUTE(V7,"–","-"),'04 Interferencias'!$A:$A,0)),"—") -> Vasca acquedotto BT in cavo SV. - Teleferica | X8: =IFERROR(INDEX('04 Interferencias'!$D:$D,MATCH(SUBSTITUTE(X7,"–","-"),'04 Interferencias'!$A:$A,0)),"—") -> — | Z8: =IFERROR(INDEX('04 Interferencias'!$D:$D,MATCH(SUBSTITUTE(Z7,"–","-"),'04 Interferencias'!$A:$A,0)),"—") -> Baracca | AB8: =IFERROR(INDEX('04 Interferencias'!$D:$D,MATCH(SUBSTITUTE(AB7,"–","-"),'04 Interferencias'!$A:$A,0)),"—") -> — | AD8: =IFERROR(INDEX('04 Interferencias'!$D:$D,MATCH(SUBSTITUTE(AD7,"–","-"),'04 Interferencias'!$A:$A,0)),"—") -> — | AF8: =IFERROR(INDEX('04 Interferencias'!$D:$D,MATCH(SUBSTITUTE(AF7,"–","-"),'04 Interferencias'!$A:$A,0)),"—") -> — | AH8: =IFERROR(INDEX('04 Interferencias'!$D:$D,MATCH(SUBSTITUTE(AH7,"–","-"),'04 Interferencias'!$A:$A,0)),"—") -> SP. Per Moconesi Str. Privata | AJ8: =IFERROR(INDEX('04 Interferencias'!$D:$D,MATCH(SUBSTITUTE(AJ7,"–","-"),'04 Interferencias'!$A:$A,0)),"—") -> — | AL8: =IFERROR(INDEX('04 Interferencias'!$D:$D,MATCH(SUBSTITUTE(AL7,"–","-"),'04 Interferencias'!$A:$A,0)),"—") -> SV. Baracca 2Serre torrente Neirone - BT IP SP 2BT. 2 15kV. | AN8: =IFERROR(INDEX('04 Interferencias'!$D:$D,MATCH(SUBSTITUTE(AN7,"–","-"),'04 Interferencias'!$A:$A,0)),"—") -> SV: BT in cavo | AP8: =IFERROR(INDEX('04 Interferencias'!$D:$D,MATCH(SUBSTITUTE(AP7,"–","-"),'04 Interferencias'!$A:$A,0)),"—") -> —
A10: SCHEMA DI STENDIMENTO · RAPPRESENTAZIONE SIMBOLICA NON IN SCALA
A28: N° SOSTEGNO | B28: 225 | D28: 226 | F28: 227 | H28: 228 | J28: 229 | L28: 230 | N28: 231 | P28: 232 | R28: 233 | T28: 234 | V28: 235 | X28: 236 | Z28: 237 | AB28: 238 | AD28: 239 | AF28: 240 | AH28: 241 | AJ28: 242 | AL28: 243 | AN28: 244 | AP28: 245
A29: TIPO | B29: AMARRO | D29: AMARRO | F29: AMARRO | H29: SOSPENSIONE | J29: AMARRO | L29: AMARRO | N29: SOSPENSIONE | P29: AMARRO | R29: SOSPENSIONE | T29: SOSPENSIONE | V29: AMARRO | X29: SOSPENSIONE | Z29: AMARRO | AB29: SOSPENSIONE | AD29: SOSPENSIONE | AF29: AMARRO | AH29: AMARRO | AJ29: AMARRO | AL29: AMARRO | AN29: AMARRO | AP29: SOSPENSIONE
A30: ALTEZZA [m] | B30: 23.8 | D30: 22.6 | F30: 22.6 | H30: 29.8 | J30: 25.3 | L30: 25.8 | N30: 25.6 | P30: 22.6 | R30: 22.5 | T30: 25 | V30: 25.7 | X30: 22.6 | Z30: 22.1 | AB30: 22.4 | AD30: 20.3 | AF30: 20.9 | AH30: 22.1 | AJ30: 25.4 | AL30: 22.4 | AN30: 22.1
A31: QUOTA [m s.l.m.] | B31: 130.55 | D31: 141.55 | F31: 182.63 | H31: 204.04 | J31: 179.03 | L31: 222.42 | N31: 230.44 | P31: 220.24 | R31: 201.37 | T31: 213.04 | V31: 227.45 | X31: 260.79 | Z31: 237.85 | AB31: 264.61 | AD31: 249.92 | AF31: 233.38 | AH31: 220.72 | AJ31: 258.2 | AL31: 215.9 | AN31: 253.7 | AP31: 245.73
A32: ANGOLO LINEA [°] | D32: 179.99 | F32: 180 | H32: 179.89 | J32: 179.99 | L32: 179.9 | N32: 179.92 | P32: 167.16 | R32: 179.91 | T32: 179.8 | V32: 179.79 | X32: 179.87 | Z32: 179.77 | AB32: 179.92 | AD32: 179.87 | AF32: 179.78 | AH32: 179.84 | AJ32: 177.47 | AL32: 179.93 | AN32: 177.36 | AP32: 179.91
A33: UTM EST [m] | B33: 517441.26 | D33: 517290.8 | F33: 517148.14 | H33: 517078.75 | J33: 516957.49 | L33: 516766.68 | N33: 516609.26 | P33: 516497.18 | R33: 516360.48 | T33: 516116.8 | V33: 516032.64 | X33: 515783.9 | Z33: 515557.44 | AB33: 515418.73 | AD33: 515290.95 | AF33: 515166.91 | AH33: 515063 | AJ33: 514851.42 | AL33: 514758.46 | AN33: 514422.99 | AP33: 514370.71
A34: UTM NORD [m] | B34: 4918351.8 | D34: 4918465.5 | F34: 4918573.3 | H34: 4918625.7 | J34: 4918717.7 | L34: 4918862.3 | N34: 4918981.2 | P34: 4919066.1 | R34: 4919127.8 | T34: 4919238.2 | V34: 4919276 | X34: 4919388.8 | Z34: 4919490.9 | AB34: 4919554.1 | AD34: 4919612.1 | AF34: 4919668 | AH34: 4919715.4 | AJ34: 4919811.1 | AL34: 4919848.3 | AN34: 4919983.1 | AP34: 4920001.3
A35: CAMPATA [m] | C35: 188.58 | E35: 178.79 | G35: 86.96 | I35: 152.19 | K35: 239.44 | M35: 197.27 | O35: 140.59 | Q35: 149.98 | S35: 267.54 | U35: 92.26 | W35: 273.11 | Y35: 248.4 | AA35: 152.43 | AC35: 140.33 | AE35: 136.08 | AG35: 114.19 | AI35: 232.23 | AK35: 100.13 | AM35: 361.53 | AO35: 55.37
A36: TIRO PER VANO [daN] a 10ºC | C36: =TESATURA_NORMALIZADA!G6 -> 344 | E36: =TESATURA_NORMALIZADA!G7 -> 388 | G36: =TESATURA_NORMALIZADA!G8 -> 1532 | I36: =TESATURA_NORMALIZADA!G9 -> 427 | K36: =TESATURA_NORMALIZADA!G10 -> 332 | M36: =TESATURA_NORMALIZADA!G11 -> 373 | O36: =TESATURA_NORMALIZADA!G12 -> 653 | Q36: =TESATURA_NORMALIZADA!G13 -> 297 | S36: =TESATURA_NORMALIZADA!G14 -> 351 | U36: =TESATURA_NORMALIZADA!G15 -> 816 | W36: =TESATURA_NORMALIZADA!G16 -> 350 | Y36: =TESATURA_NORMALIZADA!G17 -> 346 | AA36: =TESATURA_NORMALIZADA!G18 -> 509 | AC36: =TESATURA_NORMALIZADA!G19 -> 369 | AE36: =TESATURA_NORMALIZADA!G20 -> 386 | AG36: =TESATURA_NORMALIZADA!G21 -> 494 | AI36: =TESATURA_NORMALIZADA!G22 -> 366 | AK36: =TESATURA_NORMALIZADA!G23 -> 556 | AM36: =TESATURA_NORMALIZADA!G24 -> 346 | AO36: =TESATURA_NORMALIZADA!G25 -> 1346
A37: PROGRESSIVA [m] | B37: 0,00 | D37: 188,58 | F37: 367,36 | H37: 454,32 | J37: 606,51 | L37: 845,95 | N37: 1.043,23 | P37: 1.183,82 | R37: 1.333,80 | T37: 1.601,34 | V37: 1.693,60 | X37: 1.966,71 | Z37: 2.215,11 | AB37: 2.367,54 | AD37: 2.507,87 | AF37: 2.643,95 | AH37: 2.758,15 | AJ37: 2.990,38 | AL37: 3.090,51 | AN37: 3.452,03 | AP37: 3.507,41
A38: TIRATA [m] | B38: =SUM(C35:AP35) -> 3507.4
A39: CONDUTTORE E OPGW · PIANO BOBINE
A40: TIPO DI CONDUTTORE
A41: PIANO BOBINA CONDUTTORE
A42: TIPO DI OPGW / FIBRA OTTICA | B42: OPGW Prysmian C61 · 48 fibre ottiche · caratteristiche definitive secondo scheda tecnica approvata
A43: PIANO BOBINA OPGW | B43: Bobina nominale 4.000,00 m · lunghezza tirata 3.792,16 m · margine operativo 207,84 m
A44: NOTE DAL PIANO BOBINE | B44: DA DEFINIRE
A46: FERRAMENTA · MONTAGGIO (NUOVO DA INSTALLARE)
A47: CATENA DI AMARRO (DA) | B47: LM252: morsetto 603 + 2×522/2 + 2×401/1 (rif. C23, C51) | D47: LM252: morsetto 603 + 2×522/2 + 2×401/1 (rif. C23, C51) | F47: LM252: morsetto 603 + 2×522/2 + 2×401/1 (rif. C23, C51) | H47: LM252: morsetto 603 + 2×522/2 + 2×401/1 (rif. C23, C51) | J47: LM252: morsetto 603 + 2×522/2 + 2×401/1 (rif. C23, C51) | L47: LM252: morsetto 603 + 2×522/2 + 2×401/1 (rif. C23, C51) | N47: LM252: morsetto 603 + 2×522/2 + 2×401/1 (rif. C23, C51) | P47: LM252: morsetto 603 + 2×522/2 + 2×401/1 (rif. C23, C51) | R47: LM252: morsetto 603 + 2×522/2 + 2×401/1 (rif. C23, C51) | T47: LM252: morsetto 603 + 2×522/2 + 2×401/1 (rif. C23, C51) | V47: LM252: morsetto 603 + 2×522/2 + 2×401/1 (rif. C23, C51) | X47: LM252: morsetto 603 + 2×522/2 + 2×401/1 (rif. C23, C51) | Z47: LM252: morsetto 603 + 2×522/2 + 2×401/1 (rif. C23, C51) | AB47: LM252: morsetto 603 + 2×522/2 + 2×401/1 (rif. C23, C51) | AD47: LM252: morsetto 603 + 2×522/2 + 2×401/1 (rif. C23, C51) | AF47: LM252: morsetto 603 + 2×522/2 + 2×401/1 (rif. C23, C51) | AH47: LM252: morsetto 603 + 2×522/2 + 2×401/1 (rif. C23, C51) | AJ47: LM252: morsetto 603 + 2×522/2 + 2×401/1 (rif. C23, C51) | AL47: LM252: morsetto 603 + 2×522/2 + 2×401/1 (rif. C23, C51) | AN47: LM252: morsetto 603 + 2×522/2 + 2×401/1 (rif. C23, C51) | AP47: LM252: morsetto 603 + 2×522/2 + 2×401/1 (rif. C23, C51)
A48: CATENA DI SOSPENSIONE (V)
A49: CATENA D'ANGOLO (TA2)
A50: CATENA AUSILIARIA
A51: NOTE
A52: FERRAMENTA · SMONTAGGIO (ESISTENTE DA SMONTARE)
A53: CATENA DI AMARRO (DA) | B53: LM252: morsetto 603 + 2×522/2 + 2×401/1 (rif. C23, C51) | D53: LM252: morsetto 603 + 2×522/2 + 2×401/1 (rif. C23, C51) | F53: LM252: morsetto 603 + 2×522/2 + 2×401/1 (rif. C23, C51) | H53: LM252: morsetto 603 + 2×522/2 + 2×401/1 (rif. C23, C51) | J53: LM252: morsetto 603 + 2×522/2 + 2×401/1 (rif. C23, C51) | L53: LM252: morsetto 603 + 2×522/2 + 2×401/1 (rif. C23, C51) | N53: LM252: morsetto 603 + 2×522/2 + 2×401/1 (rif. C23, C51) | P53: LM252: morsetto 603 + 2×522/2 + 2×401/1 (rif. C23, C51) | R53: LM252: morsetto 603 + 2×522/2 + 2×401/1 (rif. C23, C51) | T53: LM252: morsetto 603 + 2×522/2 + 2×401/1 (rif. C23, C51) | V53: LM252: morsetto 603 + 2×522/2 + 2×401/1 (rif. C23, C51) | X53: LM252: morsetto 603 + 2×522/2 + 2×401/1 (rif. C23, C51) | Z53: LM252: morsetto 603 + 2×522/2 + 2×401/1 (rif. C23, C51) | AB53: LM252: morsetto 603 + 2×522/2 + 2×401/1 (rif. C23, C51) | AD53: LM252: morsetto 603 + 2×522/2 + 2×401/1 (rif. C23, C51) | AF53: LM252: morsetto 603 + 2×522/2 + 2×401/1 (rif. C23, C51) | AH53: LM252: morsetto 603 + 2×522/2 + 2×401/1 (rif. C23, C51) | AJ53: LM252: morsetto 603 + 2×522/2 + 2×401/1 (rif. C23, C51) | AL53: LM252: morsetto 603 + 2×522/2 + 2×401/1 (rif. C23, C51) | AN53: LM252: morsetto 603 + 2×522/2 + 2×401/1 (rif. C23, C51) | AP53: LM252: morsetto 603 + 2×522/2 + 2×401/1 (rif. C23, C51)
A54: CATENA DI SOSPENSIONE (V)
A55: CATENA D'ANGOLO (TA2)
A56: CATENA AUSILIARIA
A57: NOTE
A58: Documento di lavoro ELECNOR · Progetto 23842B1 · Linea Quartaie–Molassana · Dati geometrici da DXF / tabella di picchettamento

Sheet TIRATA_02_245-267
A1: PIANO DI STENDIMENTO · 132 kV QUARTAIE–MOLASSANA · TIRATA 2 · 245–267
E2: PROGETTO 23842B1 · IMPRESA ESECUTRICE ELECNOR | Y2: OPGW PRYSMIAN C61 · 48 FIBRE · ETRS89 / UTM 32N
A4: DATI DELLA TIRATA | C4: Lunghezza: 4.524,80 m | O4: Bobina: 5.000,00 m | AA4: Margine: 475,20 m | AM4: Tiro: DA DEFINIRE
A5: FRENO · Tesmec PT1250 · sostegno 245 · angolo 0° · distanza 13 m · DIRETTO | AA5: ARGANO · Tesmec PL1150 · sostegno 267 · angolo 25° · distanza 20 m · DIRETTO
A7: ATTRAVERSAMENTI | B7: 245–246 | D7: 246–247 | F7: 247–248 | H7: 248–249 | J7: 249–250 | L7: 250–251 | N7: 251–252 | P7: 252–253 | R7: 253–254 | T7: 254–255 | V7: 255–256 | X7: 256–257 | Z7: 257–258 | AB7: 258–259 | AD7: 259–260 | AF7: 260–261 | AH7: 261–262 | AJ7: 262–263 | AL7: 263–264 | AN7: 264–265 | AP7: 265–266 | AR7: 266–267 | AT7: FINE
A8: Tipo · riferimento | B8: =IFERROR(INDEX('04 Interferencias'!$D:$D,MATCH(SUBSTITUTE(B7,"–","-"),'04 Interferencias'!$A:$A,0)),"—") -> Capannone SV. BT in cavo - 2 15kV. | D8: =IFERROR(INDEX('04 Interferencias'!$D:$D,MATCH(SUBSTITUTE(D7,"–","-"),'04 Interferencias'!$A:$A,0)),"—") -> BT in cavo BT privata SC. BT - Str, privata | F8: =IFERROR(INDEX('04 Interferencias'!$D:$D,MATCH(SUBSTITUTE(F7,"–","-"),'04 Interferencias'!$A:$A,0)),"—") -> — | H8: =IFERROR(INDEX('04 Interferencias'!$D:$D,MATCH(SUBSTITUTE(H7,"–","-"),'04 Interferencias'!$A:$A,0)),"—") -> — | J8: =IFERROR(INDEX('04 Interferencias'!$D:$D,MATCH(SUBSTITUTE(J7,"–","-"),'04 Interferencias'!$A:$A,0)),"—") -> — | L8: =IFERROR(INDEX('04 Interferencias'!$D:$D,MATCH(SUBSTITUTE(L7,"–","-"),'04 Interferencias'!$A:$A,0)),"—") -> — | N8: =IFERROR(INDEX('04 Interferencias'!$D:$D,MATCH(SUBSTITUTE(N7,"–","-"),'04 Interferencias'!$A:$A,0)),"—") -> Baracca SV. BT in cavo | P8: =IFERROR(INDEX('04 Interferencias'!$D:$D,MATCH(SUBSTITUTE(P7,"–","-"),'04 Interferencias'!$A:$A,0)),"—") -> Torrente Lav. SS. 225 - 66kV FS | R8: =IFERROR(INDEX('04 Interferencias'!$D:$D,MATCH(SUBSTITUTE(R7,"–","-"),'04 Interferencias'!$A:$A,0)),"—") -> — | T8: =IFERROR(INDEX('04 Interferencias'!$D:$D,MATCH(SUBSTITUTE(T7,"–","-"),'04 Interferencias'!$A:$A,0)),"—") -> — | V8: =IFERROR(INDEX('04 Interferencias'!$D:$D,MATCH(SUBSTITUTE(V7,"–","-"),'04 Interferencias'!$A:$A,0)),"—") -> Teleferica | X8: =IFERROR(INDEX('04 Interferencias'!$D:$D,MATCH(SUBSTITUTE(X7,"–","-"),'04 Interferencias'!$A:$A,0)),"—") -> Rustico | Z8: =IFERROR(INDEX('04 Interferencias'!$D:$D,MATCH(SUBSTITUTE(Z7,"–","-"),'04 Interferencias'!$A:$A,0)),"—") -> SP. Per Lumarzo L. telefono | AB8: =IFERROR(INDEX('04 Interferencias'!$D:$D,MATCH(SUBSTITUTE(AB7,"–","-"),'04 Interferencias'!$A:$A,0)),"—") -> — | AD8: =IFERROR(INDEX('04 Interferencias'!$D:$D,MATCH(SUBSTITUTE(AD7,"–","-"),'04 Interferencias'!$A:$A,0)),"—") -> 15kV. SC. Str. Privata | AF8: =IFERROR(INDEX('04 Interferencias'!$D:$D,MATCH(SUBSTITUTE(AF7,"–","-"),'04 Interferencias'!$A:$A,0)),"—") -> — | AH8: =IFERROR(INDEX('04 Interferencias'!$D:$D,MATCH(SUBSTITUTE(AH7,"–","-"),'04 Interferencias'!$A:$A,0)),"—") -> — | AJ8: =IFERROR(INDEX('04 Interferencias'!$D:$D,MATCH(SUBSTITUTE(AJ7,"–","-"),'04 Interferencias'!$A:$A,0)),"—") -> — | AL8: =IFERROR(INDEX('04 Interferencias'!$D:$D,MATCH(SUBSTITUTE(AL7,"–","-"),'04 Interferencias'!$A:$A,0)),"—") -> — | AN8: =IFERROR(INDEX('04 Interferencias'!$D:$D,MATCH(SUBSTITUTE(AN7,"–","-"),'04 Interferencias'!$A:$A,0)),"—") -> — | AP8: =IFERROR(INDEX('04 Interferencias'!$D:$D,MATCH(SUBSTITUTE(AP7,"–","-"),'04 Interferencias'!$A:$A,0)),"—") -> — | AR8: =IFERROR(INDEX('04 Interferencias'!$D:$D,MATCH(SUBSTITUTE(AR7,"–","-"),'04 Interferencias'!$A:$A,0)),"—") -> 4 telefoniche SS. Cascinale - baracca lamiera | AT8: =IFERROR(INDEX('04 Interferencias'!$D:$D,MATCH(SUBSTITUTE(AT7,"–","-"),'04 Interferencias'!$A:$A,0)),"—") -> —
A10: SCHEMA DI STENDIMENTO · RAPPRESENTAZIONE SIMBOLICA NON IN SCALA
A28: N° SOSTEGNO | B28: 245 | D28: 246 | F28: 247 | H28: 248 | J28: 249 | L28: 250 | N28: 251 | P28: 252 | R28: 253 | T28: 254 | V28: 255 | X28: 256 | Z28: 257 | AB28: 258 | AD28: 259 | AF28: 260 | AH28: 261 | AJ28: 262 | AL28: 263 | AN28: 264 | AP28: 265 | AR28: 266 | AT28: 267
A29: TIPO | B29: SOSPENSIONE | D29: AMARRO | F29: SOSPENSIONE | H29: SOSPENSIONE | J29: SOSPENSIONE | L29: SOSPENSIONE | N29: AMARRO | P29: AMARRO | R29: AMARRO | T29: SOSPENSIONE | V29: AMARRO | X29: AMARRO | Z29: AMARRO | AB29: SOSPENSIONE | AD29: AMARRO | AF29: SOSPENSIONE | AH29: SOSPENSIONE | AJ29: SOSPENSIONE | AL29: SOSPENSIONE | AN29: AMARRO | AP29: SOSPENSIONE | AR29: AMARRO | AT29: AMARRO
A30: ALTEZZA [m] | B30: 22.6 | D30: 25.4 | F30: 22.4 | H30: 22.4 | J30: 22.3 | L30: 22.4 | N30: 22.3 | P30: 28.7 | R30: 21.8 | T30: 22.8 | V30: 26.3 | X30: 23.5 | Z30: 28 | AB30: 23.3 | AD30: 22.2 | AF30: 30.4 | AH30: 22.3 | AJ30: 22.3 | AL30: 29.8 | AN30: 22.6 | AP30: 23.1 | AR30: 35.5 | AT30: 35.5
A31: QUOTA [m s.l.m.] | B31: 245.73 | D31: 190.39 | F31: 220.38 | H31: 216.82 | J31: 243.96 | L31: 258.9 | N31: 248.86 | P31: 235.02 | R31: 206.6 | T31: 228.91 | V31: 235.83 | X31: 282.42 | Z31: 280.12 | AB31: 332.68 | AD31: 329.73 | AF31: 433 | AH31: 452.94 | AJ31: 442.49 | AL31: 386.73 | AN31: 353.9 | AP31: 311.69 | AR31: 307.92 | AT31: 343.34
A32: ANGOLO LINEA [°] | D32: 179.92 | F32: 179.65 | H32: 179.95 | J32: 179.2 | L32: 179.69 | N32: 156.82 | P32: 179.95 | R32: 160.7 | T32: 179.67 | V32: 179.75 | X32: 128.38 | Z32: 155.56 | AB32: 179.85 | AD32: 179.89 | AF32: 179.96 | AH32: 179.99 | AJ32: 179.99 | AL32: 179.98 | AN32: 179.96 | AP32: 177.18 | AR32: 141.39 | AT32: 135.01
A33: UTM EST [m] | B33: 514370.71 | D33: 514166.11 | F33: 513938.72 | H33: 513711.09 | J33: 513552.34 | L33: 513440.28 | N33: 513243.69 | P33: 513051.37 | R33: 512768.56 | T33: 512696.33 | V33: 512554.45 | X33: 512355.73 | Z33: 512047.17 | AB33: 511900.01 | AD33: 511672.41 | AF33: 511464.76 | AH33: 511162.49 | AJ33: 511059.5 | AL33: 510843.92 | AN33: 510643.51 | AP33: 510453.07 | AR33: 510196.51 | AT33: 510075.86
A34: UTM NORD [m] | B34: 4920001.3 | D34: 4920072.4 | F34: 4920151.7 | H34: 4920229.6 | J34: 4920284 | L34: 4920324.2 | N34: 4920393.5 | P34: 4920380.8 | R34: 4920362.5 | T34: 4920331.8 | V34: 4920270.6 | X34: 4920183.9 | Z34: 4920348.2 | AB34: 4920357.5 | AD34: 4920371.2 | AF34: 4920383.3 | AH34: 4920401.2 | AJ34: 4920407.3 | AL34: 4920420 | AN34: 4920431.8 | AP34: 4920443.2 | AR34: 4920445.7 | AT34: 4920544.1
A35: CAMPATA [m] | C35: 216.59 | E35: 240.82 | G35: 240.57 | I35: 167.82 | K35: 119.05 | M35: 208.45 | O35: 192.74 | Q35: 283.4 | S35: 78.47 | U35: 154.52 | W35: 216.83 | Y35: 349.6 | AA35: 147.45 | AC35: 228.01 | AE35: 208 | AG35: 302.8 | AI35: 103.17 | AK35: 215.96 | AM35: 200.76 | AO35: 190.78 | AQ35: 256.57 | AS35: 155.67
A36: TIRO PER VANO [daN] | C36: =TESATURA_NORMALIZADA!G26 -> 351 | E36: =TESATURA_NORMALIZADA!G27 -> 381 | G36: =TESATURA_NORMALIZADA!G28 -> 375 | I36: =TESATURA_NORMALIZADA!G29 -> 329 | K36: =TESATURA_NORMALIZADA!G30 -> 1477 | M36: =TESATURA_NORMALIZADA!G31 -> 406 | O36: =TESATURA_NORMALIZADA!G32 -> 404 | Q36: =TESATURA_NORMALIZADA!G33 -> 382 | S36: =TESATURA_NORMALIZADA!G34 -> 638 | U36: =TESATURA_NORMALIZADA!G35 -> 392 | W36: =TESATURA_NORMALIZADA!G36 -> 407 | Y36: =TESATURA_NORMALIZADA!G37 -> 378 | AA36: =TESATURA_NORMALIZADA!G38 -> 439 | AC36: =TESATURA_NORMALIZADA!G39 -> 359 | AE36: =TESATURA_NORMALIZADA!G40 -> 524 | AG36: =TESATURA_NORMALIZADA!G41 -> 378 | AI36: =TESATURA_NORMALIZADA!G42 -> 601 | AK36: =TESATURA_NORMALIZADA!G43 -> 395 | AM36: =TESATURA_NORMALIZADA!G44 -> 406 | AO36: =TESATURA_NORMALIZADA!G45 -> 358 | AQ36: =TESATURA_NORMALIZADA!G46 -> 471 | AS36: =TESATURA_NORMALIZADA!G47 -> 401
A37: PROGRESSIVA [m] | B37: 0 | D37: 216.59 | F37: 457.41 | H37: 697.98 | J37: 865.81 | L37: 984.85 | N37: 1193.3 | P37: 1386.04 | R37: 1669.44 | T37: 1747.91 | V37: 1902.43 | X37: 2119.26 | Z37: 2468.86 | AB37: 2616.31 | AD37: 2844.32 | AF37: 3052.33 | AH37: 3355.13 | AJ37: 3458.29 | AL37: 3674.25 | AN37: 3875.01 | AP37: 4065.78 | AR37: 4322.36 | AT37: 4478.03
A38: TIRATA [m] | B38: =SUM(C35:AS35) -> 4478.03
A39: CONDUTTORE E OPGW · PIANO BOBINE
A40: TIPO DI CONDUTTORE | B40: DA DEFINIRE
A41: PIANO BOBINA CONDUTTORE | B41: DA DEFINIRE
A42: TIPO DI OPGW / FIBRA OTTICA | B42: OPGW Prysmian C61 · 48 fibre ottiche · caratteristiche definitive secondo scheda tecnica approvata
A43: PIANO BOBINA OPGW | B43: Bobina nominale 5.000,00 m · lunghezza tirata 4.524,80 m · margine operativo 475,20 m
A44: NOTE DAL PIANO BOBINE | B44: DA DEFINIRE
A46: FERRAMENTA · MONTAGGIO (NUOVO DA INSTALLARE)
A47: CATENA DI AMARRO (DA) | B47: LM252: morsetto 603 + 2×522/2 + 2×401/1 (rif. C23, C51) | D47: LM252: morsetto 603 + 2×522/2 + 2×401/1 (rif. C23, C51) | F47: LM252: morsetto 603 + 2×522/2 + 2×401/1 (rif. C23, C51) | H47: LM252: morsetto 603 + 2×522/2 + 2×401/1 (rif. C23, C51) | J47: LM252: morsetto 603 + 2×522/2 + 2×401/1 (rif. C23, C51) | L47: LM252: morsetto 603 + 2×522/2 + 2×401/1 (rif. C23, C51) | N47: LM252: morsetto 603 + 2×522/2 + 2×401/1 (rif. C23, C51) | P47: LM252: morsetto 603 + 2×522/2 + 2×401/1 (rif. C23, C51) | R47: LM252: morsetto 603 + 2×522/2 + 2×401/1 (rif. C23, C51) | T47: LM252: morsetto 603 + 2×522/2 + 2×401/1 (rif. C23, C51) | V47: LM252: morsetto 603 + 2×522/2 + 2×401/1 (rif. C23, C51) | X47: LM252: morsetto 603 + 2×522/2 + 2×401/1 (rif. C23, C51) | Z47: LM252: morsetto 603 + 2×522/2 + 2×401/1 (rif. C23, C51) | AB47: LM252: morsetto 603 + 2×522/2 + 2×401/1 (rif. C23, C51) | AD47: LM252: morsetto 603 + 2×522/2 + 2×401/1 (rif. C23, C51) | AF47: LM252: morsetto 603 + 2×522/2 + 2×401/1 (rif. C23, C51) | AH47: LM252: morsetto 603 + 2×522/2 + 2×401/1 (rif. C23, C51) | AJ47: LM252: morsetto 603 + 2×522/2 + 2×401/1 (rif. C23, C51) | AL47: LM252: morsetto 603 + 2×522/2 + 2×401/1 (rif. C23, C51) | AN47: LM252: morsetto 603 + 2×522/2 + 2×401/1 (rif. C23, C51) | AP47: LM252: morsetto 603 + 2×522/2 + 2×401/1 (rif. C23, C51) | AR47: LM252: morsetto 603 + 2×522/2 + 2×401/1 (rif. C23, C51) | AT47: LM252: morsetto 603 + 2×522/2 + 2×401/1 (rif. C23, C51)
A48: CATENA DI SOSPENSIONE (V)
A49: CATENA D'ANGOLO (TA2)
A50: CATENA AUSILIARIA
A51: NOTE
A52: FERRAMENTA · SMONTAGGIO (ESISTENTE DA SMONTARE)
A53: CATENA DI AMARRO (DA) | B53: LM252: morsetto 603 + 2×522/2 + 2×401/1 (rif. C23, C51) | D53: LM252: morsetto 603 + 2×522/2 + 2×401/1 (rif. C23, C51) | F53: LM252: morsetto 603 + 2×522/2 + 2×401/1 (rif. C23, C51) | H53: LM252: morsetto 603 + 2×522/2 + 2×401/1 (rif. C23, C51) | J53: LM252: morsetto 603 + 2×522/2 + 2×401/1 (rif. C23, C51) | L53: LM252: morsetto 603 + 2×522/2 + 2×401/1 (rif. C23, C51) | N53: LM252: morsetto 603 + 2×522/2 + 2×401/1 (rif. C23, C51) | P53: LM252: morsetto 603 + 2×522/2 + 2×401/1 (rif. C23, C51) | R53: LM252: morsetto 603 + 2×522/2 + 2×401/1 (rif. C23, C51) | T53: LM252: morsetto 603 + 2×522/2 + 2×401/1 (rif. C23, C51) | V53: LM252: morsetto 603 + 2×522/2 + 2×401/1 (rif. C23, C51) | X53: LM252: morsetto 603 + 2×522/2 + 2×401/1 (rif. C23, C51) | Z53: LM252: morsetto 603 + 2×522/2 + 2×401/1 (rif. C23, C51) | AB53: LM252: morsetto 603 + 2×522/2 + 2×401/1 (rif. C23, C51) | AD53: LM252: morsetto 603 + 2×522/2 + 2×401/1 (rif. C23, C51) | AF53: LM252: morsetto 603 + 2×522/2 + 2×401/1 (rif. C23, C51) | AH53: LM252: morsetto 603 + 2×522/2 + 2×401/1 (rif. C23, C51) | AJ53: LM252: morsetto 603 + 2×522/2 + 2×401/1 (rif. C23, C51) | AL53: LM252: morsetto 603 + 2×522/2 + 2×401/1 (rif. C23, C51) | AN53: LM252: morsetto 603 + 2×522/2 + 2×401/1 (rif. C23, C51) | AP53: LM252: morsetto 603 + 2×522/2 + 2×401/1 (rif. C23, C51) | AR53: LM252: morsetto 603 + 2×522/2 + 2×401/1 (rif. C23, C51) | AT53: LM252: morsetto 603 + 2×522/2 + 2×401/1 (rif. C23, C51)
A54: CATENA DI SOSPENSIONE (V)
A55: CATENA D'ANGOLO (TA2)
A56: CATENA AUSILIARIA
A57: NOTE

Sheet TIRATA_03_267-285
A1: PIANO DI STENDIMENTO · 132 kV QUARTAIE–MOLASSANA · TIRATA 3 · 267–285
D2: PROGETTO 23842B1 · IMPRESA ESECUTRICE ELECNOR | T2: OPGW PRYSMIAN C61 · 48 FIBRE · ETRS89 / UTM 32N
A4: DATI DELLA TIRATA | B4: Lunghezza: 3.304,34 m | L4: Bobina: 3.500,00 m | V4: Margine: 195,66 m | AF4: Tiro: DA DEFINIRE
A5: FRENO · Tesmec PT1250 · sostegno 267 · angolo 90° · distanza 11 m · DIRETTO | V5: ARGANO · Tesmec PL1150 · sostegno 285 · angolo 35° · distanza 37 m · ROVESCIO-RINVIATO
A7: ATTRAVERSAMENTI | B7: 267–268 | D7: 268–269 | F7: 269–270 | H7: 270–271 | J7: 271–272 | L7: 272–273 | N7: 273–274 | P7: 274–275 | R7: 275–276 | T7: 276–277 | V7: 277–278 | X7: 278–279 | Z7: 279–280 | AB7: 280–281 | AD7: 281–282 | AF7: 282–283 | AH7: 283–284 | AJ7: 284–285 | AL7: FINE
A8: Tipo · riferimento | B8: =IFERROR(INDEX('04 Interferencias'!$D:$D,MATCH(SUBSTITUTE(B7,"–","-"),'04 Interferencias'!$A:$A,0)),"—") -> BT in cavo BT IP.2SC Str. Privata | D8: =IFERROR(INDEX('04 Interferencias'!$D:$D,MATCH(SUBSTITUTE(D7,"–","-"),'04 Interferencias'!$A:$A,0)),"—") -> — | F8: =IFERROR(INDEX('04 Interferencias'!$D:$D,MATCH(SUBSTITUTE(F7,"–","-"),'04 Interferencias'!$A:$A,0)),"—") -> — | H8: =IFERROR(INDEX('04 Interferencias'!$D:$D,MATCH(SUBSTITUTE(H7,"–","-"),'04 Interferencias'!$A:$A,0)),"—") -> — | J8: =IFERROR(INDEX('04 Interferencias'!$D:$D,MATCH(SUBSTITUTE(J7,"–","-"),'04 Interferencias'!$A:$A,0)),"—") -> SC. | L8: =IFERROR(INDEX('04 Interferencias'!$D:$D,MATCH(SUBSTITUTE(L7,"–","-"),'04 Interferencias'!$A:$A,0)),"—") -> — | N8: =IFERROR(INDEX('04 Interferencias'!$D:$D,MATCH(SUBSTITUTE(N7,"–","-"),'04 Interferencias'!$A:$A,0)),"—") -> — | P8: =IFERROR(INDEX('04 Interferencias'!$D:$D,MATCH(SUBSTITUTE(P7,"–","-"),'04 Interferencias'!$A:$A,0)),"—") -> — | R8: =IFERROR(INDEX('04 Interferencias'!$D:$D,MATCH(SUBSTITUTE(R7,"–","-"),'04 Interferencias'!$A:$A,0)),"—") -> 2BT in cavo 2BT. IP. SC. Baracca | T8: =IFERROR(INDEX('04 Interferencias'!$D:$D,MATCH(SUBSTITUTE(T7,"–","-"),'04 Interferencias'!$A:$A,0)),"—") -> BT. IP. SP. Per S. Alberto | V8: =IFERROR(INDEX('04 Interferencias'!$D:$D,MATCH(SUBSTITUTE(V7,"–","-"),'04 Interferencias'!$A:$A,0)),"—") -> 15 kV. | X8: =IFERROR(INDEX('04 Interferencias'!$D:$D,MATCH(SUBSTITUTE(X7,"–","-"),'04 Interferencias'!$A:$A,0)),"—") -> — | Z8: =IFERROR(INDEX('04 Interferencias'!$D:$D,MATCH(SUBSTITUTE(Z7,"–","-"),'04 Interferencias'!$A:$A,0)),"—") -> — | AB8: =IFERROR(INDEX('04 Interferencias'!$D:$D,MATCH(SUBSTITUTE(AB7,"–","-"),'04 Interferencias'!$A:$A,0)),"—") -> — | AD8: =IFERROR(INDEX('04 Interferencias'!$D:$D,MATCH(SUBSTITUTE(AD7,"–","-"),'04 Interferencias'!$A:$A,0)),"—") -> 15 kV precordato | AF8: =IFERROR(INDEX('04 Interferencias'!$D:$D,MATCH(SUBSTITUTE(AF7,"–","-"),'04 Interferencias'!$A:$A,0)),"—") -> BT. | AH8: =IFERROR(INDEX('04 Interferencias'!$D:$D,MATCH(SUBSTITUTE(AH7,"–","-"),'04 Interferencias'!$A:$A,0)),"—") -> BT. | AJ8: =IFERROR(INDEX('04 Interferencias'!$D:$D,MATCH(SUBSTITUTE(AJ7,"–","-"),'04 Interferencias'!$A:$A,0)),"—") -> SS. N° 45 | AL8: =IFERROR(INDEX('04 Interferencias'!$D:$D,MATCH(SUBSTITUTE(AL7,"–","-"),'04 Interferencias'!$A:$A,0)),"—") -> —
A10: SCHEMA DI STENDIMENTO · RAPPRESENTAZIONE SIMBOLICA NON IN SCALA
A28: N° SOSTEGNO | B28: 267 | D28: 268 | F28: 269 | H28: 270 | J28: 271 | L28: 272 | N28: 273 | P28: 274 | R28: 275 | T28: 276 | V28: 277 | X28: 278 | Z28: 279 | AB28: 280 | AD28: 281 | AF28: 282 | AH28: 283 | AJ28: 284 | AL28: 285
A29: TIPO | B29: AMARRO | D29: AMARRO | F29: AMARRO | H29: SOSPENSIONE | J29: AMARRO | L29: AMARRO | N29: AMARRO | P29: AMARRO | R29: AMARRO | T29: SOSPENSIONE | V29: AMARRO | X29: SOSPENSIONE | Z29: AMARRO | AB29: SOSPENSIONE | AD29: SOSPENSIONE | AF29: SOSPENSIONE | AH29: AMARRO | AJ29: AMARRO | AL29: AMARRO
A30: ALTEZZA [m] | B30: 35.5 | D30: 30.9 | F30: 22.6 | H30: 25.4 | J30: 25.2 | L30: 26.2 | N30: 23.9 | P30: 29.5 | R30: 23.1 | T30: 22.5 | V30: 23.4 | X30: 24.8 | Z30: 24.8 | AB30: 22.4 | AD30: 22.5 | AF30: 22.4 | AH30: 29.6 | AJ30: 25.9 | AL30: 23.5
A31: QUOTA [m s.l.m.] | B31: 343.34 | D31: 368.32 | F31: 347.3 | H31: 416.97 | J31: 494.2 | L31: 539.75 | N31: 569.01 | P31: 668.83 | R31: 720.95 | T31: 682.51 | V31: 626.73 | X31: 604.9 | Z31: 599.52 | AB31: 514.28 | AD31: 480.1 | AF31: 450.78 | AH31: 420.4 | AJ31: 378.7 | AL31: 344.01
A32: ANGOLO LINEA [°] | B32: 135.01 | D32: 172.18 | F32: 162.57 | H32: 179.57 | J32: 179.99 | L32: 179.98 | N32: 176.15 | P32: 179.94 | R32: 179.77 | T32: 179.78 | V32: 175.29 | X32: 179.98 | Z32: 179.97 | AB32: 179.92 | AD32: 179.94 | AF32: 179.74 | AH32: 179.9 | AJ32: 179.91 | AL32: 179.99
A33: UTM EST [m] | B33: 510075.86 | D33: 509861.33 | F33: 509710.43 | H33: 509516.96 | J33: 509278.05 | L33: 509197.73 | N33: 508887.06 | P33: 508599.08 | R33: 508519.71 | T33: 508402.48 | V33: 508230.52 | X33: 508030.67 | Z33: 507894.46 | AB33: 507519.76 | AD33: 507392.85 | AF33: 507208.36 | AH33: 507007.29 | AJ33: 506899.46 | AL33: 506819.99
A34: UTM NORD [m] | B34: 4920544.1 | D34: 4920522.3 | F34: 4920485.8 | H34: 4920498.6 | J34: 4920512.7 | L34: 4920517.4 | N34: 4920535.9 | P34: 4920572.6 | R34: 4920582.8 | T34: 4920597.3 | V34: 4920619.3 | X34: 4920661.8 | Z34: 4920690.8 | AB34: 4920770.5 | AD34: 4920797.3 | AF34: 4920836 | AH34: 4920879.2 | AJ34: 4920902.2 | AL34: 4920919
A35: CAMPATA [m] | C35: 215.63 | E35: 155.27 | G35: 193.9 | I35: 239.32 | K35: 80.46 | M35: 311.22 | O35: 290.3 | Q35: 80.02 | S35: 118.13 | U35: 173.37 | W35: 204.32 | Y35: 139.24 | AA35: 383.08 | AC35: 129.71 | AE35: 188.52 | AG35: 205.66 | AI35: 110.25 | AK35: 81.23
A36: TIRO PER VANO [daN] | C36: =TESATURA_NORMALIZADA!G48 -> 381 | E36: =TESATURA_NORMALIZADA!G49 -> 462 | G36: =TESATURA_NORMALIZADA!G50 -> 332 | I36: =TESATURA_NORMALIZADA!G51 -> 450 | K36: =TESATURA_NORMALIZADA!G52 -> 1013 | M36: =TESATURA_NORMALIZADA!G53 -> 423 | O36: =TESATURA_NORMALIZADA!G54 -> 400 | Q36: =TESATURA_NORMALIZADA!G55 -> 2390 | S36: =TESATURA_NORMALIZADA!G56 -> 429 | U36: =TESATURA_NORMALIZADA!G57 -> 460 | W36: =TESATURA_NORMALIZADA!G58 -> 410 | Y36: =TESATURA_NORMALIZADA!G59 -> 388 | AA36: =TESATURA_NORMALIZADA!G60 -> 409 | AC36: =TESATURA_NORMALIZADA!G61 -> 617 | AE36: =TESATURA_NORMALIZADA!G62 -> 444 | AG36: =TESATURA_NORMALIZADA!G63 -> 467 | AI36: =TESATURA_NORMALIZADA!G64 -> 509 | AK36: DA DEFINIRE
A37: PROGRESSIVA [m] | B37: 0 | D37: 215.63 | F37: 370.9 | H37: 564.8 | J37: 804.12 | L37: 884.58 | N37: 1195.8 | P37: 1486.11 | R37: 1566.13 | T37: 1684.26 | V37: 1857.62 | X37: 2061.94 | Z37: 2201.19 | AB37: 2584.27 | AD37: 2713.98 | AF37: 2902.5 | AH37: 3108.16 | AJ37: 3218.41 | AL37: 3299.63
A38: TIRATA [m] | B38: =SUM(C35:AK35) -> 3299.63
A39: CONDUTTORE E OPGW · PIANO BOBINE
A40: TIPO DI CONDUTTORE | B40: DA DEFINIRE
A41: PIANO BOBINA CONDUTTORE | B41: DA DEFINIRE
A42: TIPO DI OPGW / FIBRA OTTICA | B42: OPGW Prysmian C61 · 48 fibre ottiche · caratteristiche definitive secondo scheda tecnica approvata
A43: PIANO BOBINA OPGW | B43: Bobina nominale 3.500,00 m · lunghezza tirata 3.304,34 m · margine operativo 195,66 m
A44: NOTE DAL PIANO BOBINE | B44: DA DEFINIRE
A46: FERRAMENTA · MONTAGGIO (NUOVO DA INSTALLARE)
A47: CATENA DI AMARRO (DA) | B47: LM252: morsetto 603 + 2×522/2 + 2×401/1 (rif. C23, C51) | D47: LM252: morsetto 603 + 2×522/2 + 2×401/1 (rif. C23, C51) | F47: LM252: morsetto 603 + 2×522/2 + 2×401/1 (rif. C23, C51) | H47: LM252: morsetto 603 + 2×522/2 + 2×401/1 (rif. C23, C51) | J47: LM252: morsetto 603 + 2×522/2 + 2×401/1 (rif. C23, C51) | L47: LM252: morsetto 603 + 2×522/2 + 2×401/1 (rif. C23, C51) | N47: LM252: morsetto 603 + 2×522/2 + 2×401/1 (rif. C23, C51) | P47: LM252: morsetto 603 + 2×522/2 + 2×401/1 (rif. C23, C51) | R47: LM252: morsetto 603 + 2×522/2 + 2×401/1 (rif. C23, C51) | T47: LM252: morsetto 603 + 2×522/2 + 2×401/1 (rif. C23, C51) | V47: LM252: morsetto 603 + 2×522/2 + 2×401/1 (rif. C23, C51) | X47: LM252: morsetto 603 + 2×522/2 + 2×401/1 (rif. C23, C51) | Z47: LM252: morsetto 603 + 2×522/2 + 2×401/1 (rif. C23, C51) | AB47: LM252: morsetto 603 + 2×522/2 + 2×401/1 (rif. C23, C51) | AD47: LM252: morsetto 603 + 2×522/2 + 2×401/1 (rif. C23, C51) | AF47: LM252: morsetto 603 + 2×522/2 + 2×401/1 (rif. C23, C51) | AH47: LM252: morsetto 603 + 2×522/2 + 2×401/1 (rif. C23, C51) | AJ47: LM252: morsetto 603 + 2×522/2 + 2×401/1 (rif. C23, C51) | AL47: LM252: morsetto 603 + 2×522/2 + 2×401/1 (rif. C23, C51)
A48: CATENA DI SOSPENSIONE (V)
A49: CATENA D'ANGOLO (TA2)
A50: CATENA AUSILIARIA
A51: NOTE
A52: FERRAMENTA · SMONTAGGIO (ESISTENTE DA SMONTARE)
A53: CATENA DI AMARRO (DA) | B53: LM252: morsetto 603 + 2×522/2 + 2×401/1 (rif. C23, C51) | D53: LM252: morsetto 603 + 2×522/2 + 2×401/1 (rif. C23, C51) | F53: LM252: morsetto 603 + 2×522/2 + 2×401/1 (rif. C23, C51) | H53: LM252: morsetto 603 + 2×522/2 + 2×401/1 (rif. C23, C51) | J53: LM252: morsetto 603 + 2×522/2 + 2×401/1 (rif. C23, C51) | L53: LM252: morsetto 603 + 2×522/2 + 2×401/1 (rif. C23, C51) | N53: LM252: morsetto 603 + 2×522/2 + 2×401/1 (rif. C23, C51) | P53: LM252: morsetto 603 + 2×522/2 + 2×401/1 (rif. C23, C51) | R53: LM252: morsetto 603 + 2×522/2 + 2×401/1 (rif. C23, C51) | T53: LM252: morsetto 603 + 2×522/2 + 2×401/1 (rif. C23, C51) | V53: LM252: morsetto 603 + 2×522/2 + 2×401/1 (rif. C23, C51) | X53: LM252: morsetto 603 + 2×522/2 + 2×401/1 (rif. C23, C51) | Z53: LM252: morsetto 603 + 2×522/2 + 2×401/1 (rif. C23, C51) | AB53: LM252: morsetto 603 + 2×522/2 + 2×401/1 (rif. C23, C51) | AD53: LM252: morsetto 603 + 2×522/2 + 2×401/1 (rif. C23, C51) | AF53: LM252: morsetto 603 + 2×522/2 + 2×401/1 (rif. C23, C51) | AH53: LM252: morsetto 603 + 2×522/2 + 2×401/1 (rif. C23, C51) | AJ53: LM252: morsetto 603 + 2×522/2 + 2×401/1 (rif. C23, C51) | AL53: LM252: morsetto 603 + 2×522/2 + 2×401/1 (rif. C23, C51)
A54: CATENA DI SOSPENSIONE (V)
A55: CATENA D'ANGOLO (TA2)
A56: CATENA AUSILIARIA
A57: NOTE

Sheet TIRATA_04_285-304
A1: PIANO DI STENDIMENTO · 132 kV QUARTAIE–MOLASSANA · TIRATA 4 · 285–304
D2: PROGETTO 23842B1 · IMPRESA ESECUTRICE ELECNOR | T2: OPGW PRYSMIAN C61 · 48 FIBRE · ETRS89 / UTM 32N
A4: DATI DELLA TIRATA | B4: Lunghezza: 4.044,81 m | L4: Bobina: 4.500,00 m | V4: Margine: 455,19 m | AF4: Tiro: DA DEFINIRE
A5: FRENO · Tesmec PT1250 · sostegno 285 · angolo 35° · distanza 37 m · DIRETTO | V5: ARGANO · Tesmec PL1150 · sostegno 304 · angolo 0° · distanza 13 m · ROVESCIO-RINVIATO
A7: ATTRAVERSAMENTI | B7: 285–286 | D7: 286–287 | F7: 287–288 | H7: 288–289 | J7: 289–290 | L7: 290–291 | N7: 291–292 | P7: 292–293 | R7: 293–294 | T7: 294–295 | V7: 295–296 | X7: 296–297 | Z7: 297–298 | AB7: 298–299 | AD7: 299–300 | AF7: 300–301 | AH7: 301–302 | AJ7: 302–303 | AL7: 303–304 | AN7: FINE
A8: Tipo · riferimento | B8: =IFERROR(INDEX('04 Interferencias'!$D:$D,MATCH(SUBSTITUTE(B7,"–","-"),'04 Interferencias'!$A:$A,0)),"—") -> Pallorcio | D8: =IFERROR(INDEX('04 Interferencias'!$D:$D,MATCH(SUBSTITUTE(D7,"–","-"),'04 Interferencias'!$A:$A,0)),"—") -> 15 kV. | F8: =IFERROR(INDEX('04 Interferencias'!$D:$D,MATCH(SUBSTITUTE(F7,"–","-"),'04 Interferencias'!$A:$A,0)),"—") -> — | H8: =IFERROR(INDEX('04 Interferencias'!$D:$D,MATCH(SUBSTITUTE(H7,"–","-"),'04 Interferencias'!$A:$A,0)),"—") -> — | J8: =IFERROR(INDEX('04 Interferencias'!$D:$D,MATCH(SUBSTITUTE(J7,"–","-"),'04 Interferencias'!$A:$A,0)),"—") -> — | L8: =IFERROR(INDEX('04 Interferencias'!$D:$D,MATCH(SUBSTITUTE(L7,"–","-"),'04 Interferencias'!$A:$A,0)),"—") -> — | N8: =IFERROR(INDEX('04 Interferencias'!$D:$D,MATCH(SUBSTITUTE(N7,"–","-"),'04 Interferencias'!$A:$A,0)),"—") -> — | P8: =IFERROR(INDEX('04 Interferencias'!$D:$D,MATCH(SUBSTITUTE(P7,"–","-"),'04 Interferencias'!$A:$A,0)),"—") -> Rustico Telefonica | R8: =IFERROR(INDEX('04 Interferencias'!$D:$D,MATCH(SUBSTITUTE(R7,"–","-"),'04 Interferencias'!$A:$A,0)),"—") -> 3 MT precordato 2Baracche | T8: =IFERROR(INDEX('04 Interferencias'!$D:$D,MATCH(SUBSTITUTE(T7,"–","-"),'04 Interferencias'!$A:$A,0)),"—") -> Pallorcio e Rustico | V8: =IFERROR(INDEX('04 Interferencias'!$D:$D,MATCH(SUBSTITUTE(V7,"–","-"),'04 Interferencias'!$A:$A,0)),"—") -> SP. Per Cavassolo | X8: =IFERROR(INDEX('04 Interferencias'!$D:$D,MATCH(SUBSTITUTE(X7,"–","-"),'04 Interferencias'!$A:$A,0)),"—") -> — | Z8: =IFERROR(INDEX('04 Interferencias'!$D:$D,MATCH(SUBSTITUTE(Z7,"–","-"),'04 Interferencias'!$A:$A,0)),"—") -> — | AB8: =IFERROR(INDEX('04 Interferencias'!$D:$D,MATCH(SUBSTITUTE(AB7,"–","-"),'04 Interferencias'!$A:$A,0)),"—") -> Sovrapassa Falk | AD8: =IFERROR(INDEX('04 Interferencias'!$D:$D,MATCH(SUBSTITUTE(AD7,"–","-"),'04 Interferencias'!$A:$A,0)),"—") -> BT. | AF8: =IFERROR(INDEX('04 Interferencias'!$D:$D,MATCH(SUBSTITUTE(AF7,"–","-"),'04 Interferencias'!$A:$A,0)),"—") -> Baracca BT. Aerea SC. SV. - Btrame | AH8: =IFERROR(INDEX('04 Interferencias'!$D:$D,MATCH(SUBSTITUTE(AH7,"–","-"),'04 Interferencias'!$A:$A,0)),"—") -> SP. 15 kV precordato. BT in Cavo | AJ8: =IFERROR(INDEX('04 Interferencias'!$D:$D,MATCH(SUBSTITUTE(AJ7,"–","-"),'04 Interferencias'!$A:$A,0)),"—") -> SP. Cavassolo Davagna | AL8: =IFERROR(INDEX('04 Interferencias'!$D:$D,MATCH(SUBSTITUTE(AL7,"–","-"),'04 Interferencias'!$A:$A,0)),"—") -> 2 MT. BT. Casa SP. | AN8: =IFERROR(INDEX('04 Interferencias'!$D:$D,MATCH(SUBSTITUTE(AN7,"–","-"),'04 Interferencias'!$A:$A,0)),"—") -> —
A10: SCHEMA DI STENDIMENTO · RAPPRESENTAZIONE SIMBOLICA NON IN SCALA
A28: N° SOSTEGNO | B28: 285 | D28: 286 | F28: 287 | H28: 288 | J28: 289 | L28: 290 | N28: 291 | P28: 292 | R28: 293 | T28: 294 | V28: 295 | X28: 296 | Z28: 297 | AB28: 298 | AD28: 299 | AF28: 300 | AH28: 301 | AJ28: 302 | AL28: 303 | AN28: 304
A29: TIPO | B29: AMARRO | D29: AMARRO | F29: AMARRO | H29: SOSPENSIONE | J29: SOSPENSIONE | L29: AMARRO | N29: AMARRO | P29: SOSPENSIONE | R29: AMARRO | T29: AMARRO | V29: AMARRO | X29: AMARRO | Z29: SOSPENSIONE | AB29: AMARRO | AD29: SOSPENSIONE | AF29: AMARRO | AH29: AMARRO | AJ29: AMARRO | AL29: AMARRO | AN29: AMARRO
A30: ALTEZZA [m] | B30: 23.5 | D30: 26.9 | F30: 27.2 | H30: 23.4 | J30: 26.9 | L30: 29.2 | N30: 22.3 | P30: 22.3 | R30: 29.1 | T30: 29.1 | V30: 29 | X30: 23.5 | Z30: 26.3 | AB30: 22.3 | AD30: 22.4 | AF30: 24.8 | AH30: 22.3 | AJ30: 21.7 | AL30: 22.3 | AN30: 22.8
A31: QUOTA [m s.l.m.] | B31: 344.01 | D31: 350.27 | F31: 454.85 | H31: 427.41 | J31: 424.77 | L31: 427.29 | N31: 402.44 | P31: 370.52 | R31: 418.31 | T31: 406.43 | V31: 378.76 | X31: 435.35 | Z31: 544.39 | AB31: 517.04 | AD31: 499.63 | AF31: 436.5 | AH31: 407.52 | AJ31: 332.46 | AL31: 307.77 | AN31: 262.1
A32: ANGOLO LINEA [°] | B32: 179.99 | D32: 179.89 | F32: 175.74 | H32: 180 | J32: 179.99 | L32: 167.2 | N32: 179.88 | P32: 179.48 | R32: 167.32 | T32: 178.24 | V32: 179.98 | X32: 179.95 | Z32: 179.9 | AB32: 164.53 | AD32: 179.77 | AF32: 179.87 | AH32: 179.95 | AJ32: 164.11 | AL32: 179.84 | AN32: 179.94
A33: UTM EST [m] | B33: 506819.99 | D33: 506465.05 | F33: 506287.36 | H33: 505959.08 | J33: 505752.8 | L33: 505513.22 | N33: 505434.99 | P33: 505126.31 | R33: 504893.2 | T33: 504723.84 | V33: 504576.53 | X33: 504347.73 | Z33: 504055.65 | AB33: 503919.63 | AD33: 503857.18 | AF33: 503676.08 | AH33: 503477.48 | AJ33: 503215.19 | AL33: 503137.73 | AN33: 503039.72
A34: UTM NORD [m] | B34: 4920919 | D34: 4920994.1 | F34: 4921032.1 | H34: 4921128.2 | J34: 4921188.7 | L34: 4921258.9 | N34: 4921263.7 | P34: 4921282.1 | R34: 4921298.1 | T34: 4921348.6 | V34: 4921397.6 | X34: 4921473.6 | Z34: 4921570.4 | AB34: 4921615.8 | AD34: 4921657.8 | AF34: 4921780.6 | AH34: 4921914.6 | AJ34: 4922091.9 | AL34: 4922117.3 | AN34: 4922149.8
A35: CAMPATA [m] | C35: 362.8 | E35: 181.7 | G35: 342.07 | I35: 214.95 | K35: 249.66 | M35: 78.38 | O35: 309.23 | Q35: 233.66 | S35: 176.73 | U35: 155.22 | W35: 241.11 | Y35: 307.71 | AA35: 143.38 | AC35: 75.25 | AE35: 218.81 | AG35: 239.58 | AI35: 316.6 | AK35: 81.52 | AM35: 103.25
A36: TIRO PER VANO [daN] | C36: DA DEFINIRE | E36: DA DEFINIRE | G36: DA DEFINIRE | I36: DA DEFINIRE | K36: DA DEFINIRE | M36: DA DEFINIRE | O36: DA DEFINIRE | Q36: DA DEFINIRE | S36: DA DEFINIRE | U36: DA DEFINIRE | W36: DA DEFINIRE | Y36: DA DEFINIRE | AA36: DA DEFINIRE | AC36: DA DEFINIRE | AE36: DA DEFINIRE | AG36: DA DEFINIRE | AI36: DA DEFINIRE | AK36: DA DEFINIRE | AM36: DA DEFINIRE
A37: PROGRESSIVA [m] | B37: 0 | D37: 362.8 | F37: 544.5 | H37: 886.58 | J37: 1101.53 | L37: 1351.19 | N37: 1429.57 | P37: 1738.8 | R37: 1972.45 | T37: 2149.19 | V37: 2304.41 | X37: 2545.52 | Z37: 2853.23 | AB37: 2996.61 | AD37: 3071.86 | AF37: 3290.67 | AH37: 3530.25 | AJ37: 3846.85 | AL37: 3928.37 | AN37: 4031.62
A38: TIRATA [m] | B38: =SUM(C35:AM35) -> 4031.61
A39: CONDUTTORE E OPGW · PIANO BOBINE
A40: TIPO DI CONDUTTORE | B40: DA DEFINIRE
A41: PIANO BOBINA CONDUTTORE | B41: DA DEFINIRE
A42: TIPO DI OPGW / FIBRA OTTICA | B42: OPGW Prysmian C61 · 48 fibre ottiche · caratteristiche definitive secondo scheda tecnica approvata
A43: PIANO BOBINA OPGW | B43: Bobina nominale 4.500,00 m · lunghezza tirata 4.044,81 m · margine operativo 455,19 m
A44: NOTE DAL PIANO BOBINE | B44: DA DEFINIRE
A46: FERRAMENTA · MONTAGGIO (NUOVO DA INSTALLARE)
A47: CATENA DI AMARRO (DA) | B47: LM252: morsetto 603 + 2×522/2 + 2×401/1 (rif. C23, C51) | D47: LM252: morsetto 603 + 2×522/2 + 2×401/1 (rif. C23, C51) | F47: LM252: morsetto 603 + 2×522/2 + 2×401/1 (rif. C23, C51) | H47: LM252: morsetto 603 + 2×522/2 + 2×401/1 (rif. C23, C51) | J47: LM252: morsetto 603 + 2×522/2 + 2×401/1 (rif. C23, C51) | L47: LM252: morsetto 603 + 2×522/2 + 2×401/1 (rif. C23, C51) | N47: LM252: morsetto 603 + 2×522/2 + 2×401/1 (rif. C23, C51) | P47: LM252: morsetto 603 + 2×522/2 + 2×401/1 (rif. C23, C51) | R47: LM252: morsetto 603 + 2×522/2 + 2×401/1 (rif. C23, C51) | T47: LM252: morsetto 603 + 2×522/2 + 2×401/1 (rif. C23, C51) | V47: LM252: morsetto 603 + 2×522/2 + 2×401/1 (rif. C23, C51) | X47: LM252: morsetto 603 + 2×522/2 + 2×401/1 (rif. C23, C51) | Z47: LM252: morsetto 603 + 2×522/2 + 2×401/1 (rif. C23, C51) | AB47: LM252: morsetto 603 + 2×522/2 + 2×401/1 (rif. C23, C51) | AD47: LM252: morsetto 603 + 2×522/2 + 2×401/1 (rif. C23, C51) | AF47: LM252: morsetto 603 + 2×522/2 + 2×401/1 (rif. C23, C51) | AH47: LM252: morsetto 603 + 2×522/2 + 2×401/1 (rif. C23, C51) | AJ47: LM252: morsetto 603 + 2×522/2 + 2×401/1 (rif. C23, C51) | AL47: LM252: morsetto 603 + 2×522/2 + 2×401/1 (rif. C23, C51) | AN47: LM252: morsetto 603 + 2×522/2 + 2×401/1 (rif. C23, C51)
A48: CATENA DI SOSPENSIONE (V)
A49: CATENA D'ANGOLO (TA2)
A50: CATENA AUSILIARIA
A51: NOTE
A52: FERRAMENTA · SMONTAGGIO (ESISTENTE DA SMONTARE)
A53: CATENA DI AMARRO (DA) | B53: LM252: morsetto 603 + 2×522/2 + 2×401/1 (rif. C23, C51) | D53: LM252: morsetto 603 + 2×522/2 + 2×401/1 (rif. C23, C51) | F53: LM252: morsetto 603 + 2×522/2 + 2×401/1 (rif. C23, C51) | H53: LM252: morsetto 603 + 2×522/2 + 2×401/1 (rif. C23, C51) | J53: LM252: morsetto 603 + 2×522/2 + 2×401/1 (rif. C23, C51) | L53: LM252: morsetto 603 + 2×522/2 + 2×401/1 (rif. C23, C51) | N53: LM252: morsetto 603 + 2×522/2 + 2×401/1 (rif. C23, C51) | P53: LM252: morsetto 603 + 2×522/2 + 2×401/1 (rif. C23, C51) | R53: LM252: morsetto 603 + 2×522/2 + 2×401/1 (rif. C23, C51) | T53: LM252: morsetto 603 + 2×522/2 + 2×401/1 (rif. C23, C51) | V53: LM252: morsetto 603 + 2×522/2 + 2×401/1 (rif. C23, C51) | X53: LM252: morsetto 603 + 2×522/2 + 2×401/1 (rif. C23, C51) | Z53: LM252: morsetto 603 + 2×522/2 + 2×401/1 (rif. C23, C51) | AB53: LM252: morsetto 603 + 2×522/2 + 2×401/1 (rif. C23, C51) | AD53: LM252: morsetto 603 + 2×522/2 + 2×401/1 (rif. C23, C51) | AF53: LM252: morsetto 603 + 2×522/2 + 2×401/1 (rif. C23, C51) | AH53: LM252: morsetto 603 + 2×522/2 + 2×401/1 (rif. C23, C51) | AJ53: LM252: morsetto 603 + 2×522/2 + 2×401/1 (rif. C23, C51) | AL53: LM252: morsetto 603 + 2×522/2 + 2×401/1 (rif. C23, C51) | AN53: LM252: morsetto 603 + 2×522/2 + 2×401/1 (rif. C23, C51)
A54: CATENA DI SOSPENSIONE (V)
A55: CATENA D'ANGOLO (TA2)
A56: CATENA AUSILIARIA
A57: NOTE

Sheet TIRATA_05_304-317
A1: PIANO DI STENDIMENTO · 132 kV QUARTAIE–MOLASSANA · TIRATA 5 · 304–317
D2: PROGETTO 23842B1 · IMPRESA ESECUTRICE ELECNOR | N2: OPGW PRYSMIAN C61 · 48 FIBRE · ETRS89 / UTM 32N
A4: DATI DELLA TIRATA | B4: Lunghezza: 2.378,12 m | J4: Bobina: 3.200,00 m | R4: Margine: 821,88 m | Z4: Tiro: DA DEFINIRE
A5: FRENO · Tesmec PT1250 · sostegno 304 · angolo 0° · distanza 13 m · DIRETTO | P5: ARGANO · Tesmec PL1150 · sostegno 317 · angolo 0° · distanza 10 m · DIRETTO
A7: ATTRAVERSAMENTI | B7: 304–305 | D7: 305–306 | F7: 306–307 | H7: 307–308 | J7: 308–309 | L7: 309–310 | N7: 310–311 | P7: 311–312 | R7: 312–313 | T7: 313–314 | V7: 314–315 | X7: 315–316 | Z7: 316–317 | AB7: FINE
A8: Tipo · riferimento | B8: =IFERROR(INDEX('04 Interferencias'!$D:$D,MATCH(SUBSTITUTE(B7,"–","-"),'04 Interferencias'!$A:$A,0)),"—") -> SC. BT in cavo | D8: =IFERROR(INDEX('04 Interferencias'!$D:$D,MATCH(SUBSTITUTE(D7,"–","-"),'04 Interferencias'!$A:$A,0)),"—") -> — | F8: =IFERROR(INDEX('04 Interferencias'!$D:$D,MATCH(SUBSTITUTE(F7,"–","-"),'04 Interferencias'!$A:$A,0)),"—") -> — | H8: =IFERROR(INDEX('04 Interferencias'!$D:$D,MATCH(SUBSTITUTE(H7,"–","-"),'04 Interferencias'!$A:$A,0)),"—") -> — | J8: =IFERROR(INDEX('04 Interferencias'!$D:$D,MATCH(SUBSTITUTE(J7,"–","-"),'04 Interferencias'!$A:$A,0)),"—") -> Str. Privata - BT in cavo BT. IP. Fienile Str. Privata | L8: =IFERROR(INDEX('04 Interferencias'!$D:$D,MATCH(SUBSTITUTE(L7,"–","-"),'04 Interferencias'!$A:$A,0)),"—") -> 15 kV precordato. Garage Str.privata | N8: =IFERROR(INDEX('04 Interferencias'!$D:$D,MATCH(SUBSTITUTE(N7,"–","-"),'04 Interferencias'!$A:$A,0)),"—") -> 15kV. SC.BT in cavo 2BT. IP - 2 baracche in lamiera | P8: =IFERROR(INDEX('04 Interferencias'!$D:$D,MATCH(SUBSTITUTE(P7,"–","-"),'04 Interferencias'!$A:$A,0)),"—") -> — | R8: =IFERROR(INDEX('04 Interferencias'!$D:$D,MATCH(SUBSTITUTE(R7,"–","-"),'04 Interferencias'!$A:$A,0)),"—") -> — | T8: =IFERROR(INDEX('04 Interferencias'!$D:$D,MATCH(SUBSTITUTE(T7,"–","-"),'04 Interferencias'!$A:$A,0)),"—") -> — | V8: =IFERROR(INDEX('04 Interferencias'!$D:$D,MATCH(SUBSTITUTE(V7,"–","-"),'04 Interferencias'!$A:$A,0)),"—") -> — | X8: =IFERROR(INDEX('04 Interferencias'!$D:$D,MATCH(SUBSTITUTE(X7,"–","-"),'04 Interferencias'!$A:$A,0)),"—") -> — | Z8: =IFERROR(INDEX('04 Interferencias'!$D:$D,MATCH(SUBSTITUTE(Z7,"–","-"),'04 Interferencias'!$A:$A,0)),"—") -> — | AB8: =IFERROR(INDEX('04 Interferencias'!$D:$D,MATCH(SUBSTITUTE(AB7,"–","-"),'04 Interferencias'!$A:$A,0)),"—") -> —
A10: SCHEMA DI STENDIMENTO · RAPPRESENTAZIONE SIMBOLICA NON IN SCALA
A28: N° SOSTEGNO | B28: 304 | D28: 305 | F28: 306 | H28: 307 | J28: 308 | L28: 309 | N28: 310 | P28: 311 | R28: 312 | T28: 313 | V28: 314 | X28: 315 | Z28: 316 | AB28: 317
A29: TIPO | B29: AMARRO | D29: AMARRO | F29: AMARRO | H29: AMARRO | J29: AMARRO | L29: AMARRO | N29: AMARRO | P29: AMARRO | R29: SOSPENSIONE | T29: AMARRO | V29: SOSPENSIONE | X29: SOSPENSIONE | Z29: AMARRO | AB29: AMARRO
A30: ALTEZZA [m] | B30: 22.8 | D30: 25.1 | F30: 25.2 | H30: 24.3 | J30: 26.9 | L30: 24.4 | N30: 26.4 | P30: 23.2 | R30: 24.3 | T30: 23.4 | V30: 23.7 | X30: 26.8 | Z30: 24.3 | AB30: 32.4
A31: QUOTA [m s.l.m.] | B31: 262.1 | D31: 265 | F31: 296.01 | H31: 342.67 | J31: 358.52 | L31: 306.13 | N31: 273.56 | P31: 284.38 | R31: 378.85 | T31: 410.25 | V31: 389.56 | X31: 298.63 | Z31: 204.12 | AB31: 242.06
A32: ANGOLO LINEA [°] | B32: 179.94 | D32: 179.51 | F32: 168.5 | H32: 178.83 | J32: 155.49 | L32: 179.53 | N32: 179.46 | P32: 179.79 | R32: 179.9 | T32: 145.99 | V32: 179.83 | X32: 179.92 | Z32: 179.94 | AB32: 179.58
A33: UTM EST [m] | B33: 503039.72 | D33: 502711.25 | F33: 502632.66 | H33: 502410.93 | J33: 502345.05 | L33: 502203.62 | N33: 502067.92 | P33: 501874.31 | R33: 501619.54 | T33: 501554.96 | V33: 501503.13 | X33: 501234.62 | Z33: 501098.53 | AB33: 500811.81
A34: UTM NORD [m] | B34: 4922149.8 | D34: 4922258.2 | F34: 4922283.4 | H34: 4922307.8 | J34: 4922316.4 | L34: 4922404.6 | N34: 4922487.8 | P34: 4922608.9 | R34: 4922767 | T34: 4922807.2 | V34: 4922805.3 | X34: 4922796.2 | Z34: 4922791.5 | AB34: 4922781.7
A35: CAMPATA [m] | C35: 345.9 | E35: 82.53 | G35: 223.07 | I35: 66.44 | K35: 166.69 | M35: 159.14 | O35: 228.37 | Q35: 299.83 | S35: 76.08 | U35: 51.86 | W35: 268.66 | Y35: 136.17 | AA35: 286.89
A36: TIRO PER VANO [daN] | C36: DA DEFINIRE | E36: DA DEFINIRE | G36: DA DEFINIRE | I36: DA DEFINIRE | K36: DA DEFINIRE | M36: DA DEFINIRE | O36: DA DEFINIRE | Q36: DA DEFINIRE | S36: DA DEFINIRE | U36: DA DEFINIRE | W36: DA DEFINIRE | Y36: DA DEFINIRE | AA36: DA DEFINIRE
A37: PROGRESSIVA [m] | B37: 0 | D37: 345.9 | F37: 428.43 | H37: 651.5 | J37: 717.94 | L37: 884.63 | N37: 1043.77 | P37: 1272.15 | R37: 1571.97 | T37: 1648.05 | V37: 1699.92 | X37: 1968.58 | Z37: 2104.76 | AB37: 2391.64
A38: TIRATA [m] | B38: =SUM(C35:AA35) -> 2391.63
A39: CONDUTTORE E OPGW · PIANO BOBINE
A40: TIPO DI CONDUTTORE | B40: DA DEFINIRE
A41: PIANO BOBINA CONDUTTORE | B41: DA DEFINIRE
A42: TIPO DI OPGW / FIBRA OTTICA | B42: OPGW Prysmian C61 · 48 fibre ottiche · caratteristiche definitive secondo scheda tecnica approvata
A43: PIANO BOBINA OPGW | B43: Bobina nominale 3.200,00 m · lunghezza tirata 2.378,12 m · margine operativo 821,88 m
A44: NOTE DAL PIANO BOBINE | B44: DA DEFINIRE
A46: FERRAMENTA · MONTAGGIO (NUOVO DA INSTALLARE)
A47: CATENA DI AMARRO (DA) | B47: LM252: morsetto 603 + 2×522/2 + 2×401/1 (rif. C23, C51) | D47: LM252: morsetto 603 + 2×522/2 + 2×401/1 (rif. C23, C51) | F47: LM252: morsetto 603 + 2×522/2 + 2×401/1 (rif. C23, C51) | H47: LM252: morsetto 603 + 2×522/2 + 2×401/1 (rif. C23, C51) | J47: LM252: morsetto 603 + 2×522/2 + 2×401/1 (rif. C23, C51) | L47: LM252: morsetto 603 + 2×522/2 + 2×401/1 (rif. C23, C51) | N47: LM252: morsetto 603 + 2×522/2 + 2×401/1 (rif. C23, C51) | P47: LM252: morsetto 603 + 2×522/2 + 2×401/1 (rif. C23, C51) | R47: LM252: morsetto 603 + 2×522/2 + 2×401/1 (rif. C23, C51) | T47: LM252: morsetto 603 + 2×522/2 + 2×401/1 (rif. C23, C51) | V47: LM252: morsetto 603 + 2×522/2 + 2×401/1 (rif. C23, C51) | X47: LM252: morsetto 603 + 2×522/2 + 2×401/1 (rif. C23, C51) | Z47: LM252: morsetto 603 + 2×522/2 + 2×401/1 (rif. C23, C51) | AB47: LM252: morsetto 603 + 2×522/2 + 2×401/1 (rif. C23, C51)
A48: CATENA DI SOSPENSIONE (V)
A49: CATENA D'ANGOLO (TA2)
A50: CATENA AUSILIARIA
A51: NOTE
A52: FERRAMENTA · SMONTAGGIO (ESISTENTE DA SMONTARE)
A53: CATENA DI AMARRO (DA) | B53: LM252: morsetto 603 + 2×522/2 + 2×401/1 (rif. C23, C51) | D53: LM252: morsetto 603 + 2×522/2 + 2×401/1 (rif. C23, C51) | F53: LM252: morsetto 603 + 2×522/2 + 2×401/1 (rif. C23, C51) | H53: LM252: morsetto 603 + 2×522/2 + 2×401/1 (rif. C23, C51) | J53: LM252: morsetto 603 + 2×522/2 + 2×401/1 (rif. C23, C51) | L53: LM252: morsetto 603 + 2×522/2 + 2×401/1 (rif. C23, C51) | N53: LM252: morsetto 603 + 2×522/2 + 2×401/1 (rif. C23, C51) | P53: LM252: morsetto 603 + 2×522/2 + 2×401/1 (rif. C23, C51) | R53: LM252: morsetto 603 + 2×522/2 + 2×401/1 (rif. C23, C51) | T53: LM252: morsetto 603 + 2×522/2 + 2×401/1 (rif. C23, C51) | V53: LM252: morsetto 603 + 2×522/2 + 2×401/1 (rif. C23, C51) | X53: LM252: morsetto 603 + 2×522/2 + 2×401/1 (rif. C23, C51) | Z53: LM252: morsetto 603 + 2×522/2 + 2×401/1 (rif. C23, C51) | AB53: LM252: morsetto 603 + 2×522/2 + 2×401/1 (rif. C23, C51)
A54: CATENA DI SOSPENSIONE (V)
A55: CATENA D'ANGOLO (TA2)
A56: CATENA AUSILIARIA
A57: NOTE

Sheet TIRATA_06_317-PORTALE MOLASSANA
A1: PIANO DI STENDIMENTO · 132 kV QUARTAIE–MOLASSANA · TIRATA 6 · 317–PORTALE MOLASSANA
D2: PROGETTO 23842B1 · IMPRESA ESECUTRICE ELECNOR | P2: OPGW PRYSMIAN C61 · 48 FIBRE · ETRS89 / UTM 32N
A4: DATI DELLA TIRATA | B4: Lunghezza: 3.078,45 m | J4: Bobina: 3.500,00 m | R4: Margine: 421,55 m | Z4: Tiro: DA DEFINIRE
A5: FRENO · Tesmec PT1250 · sostegno PORTALE MOLASSANA · angolo 0° · distanza 13 m · DIRETTO | R5: ARGANO · Tesmec PL1150 · sostegno 317 · angolo 0° · distanza 10 m · ROVESCIO-RINVIATO
A7: ATTRAVERSAMENTI | B7: 317–318 | D7: 318–319 | F7: 319–320 | H7: 320–321 | J7: 321–322 | L7: 322–323 | N7: 323–324 | P7: 324–325 | R7: 325–326 | T7: 326–327 | V7: 327–328 | X7: 328–329 | Z7: 329–330 | AB7: 330–331 | AD7: 331–PORTALE MOLASSANA | AF7: FINE
A8: Tipo · riferimento | B8: =IFERROR(INDEX('04 Interferencias'!$D:$D,MATCH(SUBSTITUTE(B7,"–","-"),'04 Interferencias'!$A:$A,0)),"—") -> SP. Per Creto | D8: =IFERROR(INDEX('04 Interferencias'!$D:$D,MATCH(SUBSTITUTE(D7,"–","-"),'04 Interferencias'!$A:$A,0)),"—") -> — | F8: =IFERROR(INDEX('04 Interferencias'!$D:$D,MATCH(SUBSTITUTE(F7,"–","-"),'04 Interferencias'!$A:$A,0)),"—") -> 15 kV. 2Pallorci BT. In cavo | H8: =IFERROR(INDEX('04 Interferencias'!$D:$D,MATCH(SUBSTITUTE(H7,"–","-"),'04 Interferencias'!$A:$A,0)),"—") -> Tubo acqua | J8: =IFERROR(INDEX('04 Interferencias'!$D:$D,MATCH(SUBSTITUTE(J7,"–","-"),'04 Interferencias'!$A:$A,0)),"—") -> — | L8: =IFERROR(INDEX('04 Interferencias'!$D:$D,MATCH(SUBSTITUTE(L7,"–","-"),'04 Interferencias'!$A:$A,0)),"—") -> — | N8: =IFERROR(INDEX('04 Interferencias'!$D:$D,MATCH(SUBSTITUTE(N7,"–","-"),'04 Interferencias'!$A:$A,0)),"—") -> 30 kV -15kV | P8: =IFERROR(INDEX('04 Interferencias'!$D:$D,MATCH(SUBSTITUTE(P7,"–","-"),'04 Interferencias'!$A:$A,0)),"—") -> 2- 15 kV. 2Bt in cavo 4- telefoniche - BT. IP. | R8: =IFERROR(INDEX('04 Interferencias'!$D:$D,MATCH(SUBSTITUTE(R7,"–","-"),'04 Interferencias'!$A:$A,0)),"—") -> Garage in lamiera | T8: =IFERROR(INDEX('04 Interferencias'!$D:$D,MATCH(SUBSTITUTE(T7,"–","-"),'04 Interferencias'!$A:$A,0)),"—") -> 4-BT in cavo Via Struppa Cava - Torrente Bisagno SC. Magazz.Com | V8: =IFERROR(INDEX('04 Interferencias'!$D:$D,MATCH(SUBSTITUTE(V7,"–","-"),'04 Interferencias'!$A:$A,0)),"—") -> Str. Privata Baracca Legno | X8: =IFERROR(INDEX('04 Interferencias'!$D:$D,MATCH(SUBSTITUTE(X7,"–","-"),'04 Interferencias'!$A:$A,0)),"—") -> — | Z8: =IFERROR(INDEX('04 Interferencias'!$D:$D,MATCH(SUBSTITUTE(Z7,"–","-"),'04 Interferencias'!$A:$A,0)),"—") -> 15 kV. | AB8: =IFERROR(INDEX('04 Interferencias'!$D:$D,MATCH(SUBSTITUTE(AB7,"–","-"),'04 Interferencias'!$A:$A,0)),"—") -> — | AD8: =IFERROR(INDEX('04 Interferencias'!$D:$D,MATCH(SUBSTITUTE(AD7,"–","-"),'04 Interferencias'!$A:$A,0)),"—") -> — | AF8: =IFERROR(INDEX('04 Interferencias'!$D:$D,MATCH(SUBSTITUTE(AF7,"–","-"),'04 Interferencias'!$A:$A,0)),"—") -> —
A10: SCHEMA DI STENDIMENTO · RAPPRESENTAZIONE SIMBOLICA NON IN SCALA
A28: N° SOSTEGNO | B28: 317 | D28: 318 | F28: 319 | H28: 320 | J28: 321 | L28: 322 | N28: 323 | P28: 324 | R28: 325 | T28: 326 | V28: 327 | X28: 328 | Z28: 329 | AB28: 330 | AD28: 331 | AF28: PORTALE MOLASSANA
A29: TIPO | B29: AMARRO | D29: AMARRO | F29: SOSPENSIONE | H29: AMARRO | J29: AMARRO | L29: AMARRO | N29: SOSPENSIONE | P29: SOSPENSIONE | R29: SOSPENSIONE | T29: AMARRO | V29: AMARRO | X29: AMARRO | Z29: AMARRO | AB29: SOSPENSIONE | AD29: AMARRO | AF29: AMARRO
A30: ALTEZZA [m] | B30: 32.4 | D30: 23.4 | F30: 32.9 | H30: 32.3 | J30: 30.1 | L30: 35.7 | N30: 39.8 | P30: 46.4 | R30: 43.9 | T30: 50.3 | V30: 37 | X30: 40.9 | Z30: 42.8 | AB30: 35.3 | AD30: 31.5 | AF30: 17.6
A31: QUOTA [m s.l.m.] | B31: 242.06 | D31: 305.52 | F31: 338.97 | H31: 402.55 | J31: 450.02 | L31: 463.09 | N31: 369.67 | P31: 350.05 | R31: 179.54 | T31: 122.37 | V31: 149 | X31: 299.97 | Z31: 302.15 | AB31: 233.22 | AD31: 121.46 | AF31: 67.71
A32: ANGOLO LINEA [°] | B32: 179.58 | D32: 179.37 | F32: 179.93 | H32: 179.88 | J32: 158.87 | L32: 119.69 | N32: 178.62 | P32: 179.56 | R32: 177.94 | T32: 167.28 | V32: 145.02 | X32: 156.35 | Z32: 179.98 | AB32: 179.95 | AD32: 136.29
A33: UTM EST [m] | B33: 500811.81 | D33: 500665.86 | F33: 500507.05 | H33: 500304.02 | J33: 500142.28 | L33: 500073.93 | N33: 499878.52 | P33: 499815.46 | R33: 499510.22 | T33: 499406.5 | V33: 499271.51 | X33: 499019.41 | Z33: 498598.24 | AB33: 498367.81 | AD33: 498140.09 | AF33: 498081.73
A34: UTM NORD [m] | B34: 4922781.7 | D34: 4922775.7 | F34: 4922770.8 | H34: 4922764.4 | J34: 4922759 | L34: 4922782.8 | N34: 4922612.2 | P34: 4922554.5 | R34: 4922270.4 | T34: 4922166.7 | V34: 4921953 | X34: 4921847.4 | Z34: 4921854 | AB34: 4921857.8 | AD34: 4921861.3 | AF34: 4921918.8
A35: CAMPATA [m] | C35: 146.07 | E35: 158.88 | G35: 203.13 | I35: 161.83 | K35: 72.38 | M35: 259.35 | O35: 85.52 | Q35: 416.94 | S35: 146.68 | U35: 252.76 | W35: 273.35 | Y35: 421.22 | AA35: 230.46 | AC35: 227.75 | AE35: 81.95
A36: TIRO PER VANO [daN] | C36: DA DEFINIRE | E36: DA DEFINIRE | G36: DA DEFINIRE | I36: DA DEFINIRE | K36: DA DEFINIRE | M36: DA DEFINIRE | O36: DA DEFINIRE | Q36: DA DEFINIRE | S36: DA DEFINIRE | U36: DA DEFINIRE | W36: DA DEFINIRE | Y36: DA DEFINIRE | AA36: DA DEFINIRE | AC36: DA DEFINIRE | AE36: DA DEFINIRE
A37: PROGRESSIVA [m] | B37: 0 | D37: 146.07 | F37: 304.96 | H37: 508.09 | J37: 669.92 | L37: 742.3 | N37: 1001.65 | P37: 1087.17 | R37: 1504.11 | T37: 1650.79 | V37: 1903.55 | X37: 2176.9 | Z37: 2598.12 | AB37: 2828.59 | AD37: 3056.33 | AF37: 3138.28
A38: TIRATA [m] | B38: =SUM(C35:AE35) -> 3138.27
A39: CONDUTTORE E OPGW · PIANO BOBINE
A40: TIPO DI CONDUTTORE | B40: DA DEFINIRE
A41: PIANO BOBINA CONDUTTORE | B41: DA DEFINIRE
A42: TIPO DI OPGW / FIBRA OTTICA | B42: OPGW Prysmian C61 · 48 fibre ottiche · caratteristiche definitive secondo scheda tecnica approvata
A43: PIANO BOBINA OPGW | B43: Bobina nominale 3.500,00 m · lunghezza tirata 3.078,45 m · margine operativo 421,55 m
A44: NOTE DAL PIANO BOBINE | B44: DA DEFINIRE
A46: FERRAMENTA · MONTAGGIO (NUOVO DA INSTALLARE)
A47: CATENA DI AMARRO (DA) | B47: LM252: morsetto 603 + 2×522/2 + 2×401/1 (rif. C23, C51) | D47: LM252: morsetto 603 + 2×522/2 + 2×401/1 (rif. C23, C51) | H47: LM252: morsetto 603 + 2×522/2 + 2×401/1 (rif. C23, C51) | J47: LM252: morsetto 603 + 2×522/2 + 2×401/1 (rif. C23, C51) | L47: LM252: morsetto 603 + 2×522/2 + 2×401/1 (rif. C23, C51) | T47: LM252: morsetto 603 + 2×522/2 + 2×401/1 (rif. C23, C51) | V47: LM252: morsetto 603 + 2×522/2 + 2×401/1 (rif. C23, C51) | X47: LM252: morsetto 603 + 2×522/2 + 2×401/1 (rif. C23, C51) | Z47: LM252: morsetto 603 + 2×522/2 + 2×401/1 (rif. C23, C51) | AD47: LM252: morsetto 603 + 2×522/2 + 2×401/1 (rif. C23, C51) | AF47: LM252: morsetto 603 + 2×522/2 + 2×401/1 (rif. C23, C51)
A48: CATENA DI SOSPENSIONE (V)
A49: CATENA D'ANGOLO (TA2)
A50: CATENA AUSILIARIA
A51: NOTE
A52: FERRAMENTA · SMONTAGGIO (ESISTENTE DA SMONTARE)
A53: CATENA DI AMARRO (DA) | B53: LM252: morsetto 603 + 2×522/2 + 2×401/1 (rif. C23, C51) | D53: LM252: morsetto 603 + 2×522/2 + 2×401/1 (rif. C23, C51) | H53: LM252: morsetto 603 + 2×522/2 + 2×401/1 (rif. C23, C51) | J53: LM252: morsetto 603 + 2×522/2 + 2×401/1 (rif. C23, C51) | L53: LM252: morsetto 603 + 2×522/2 + 2×401/1 (rif. C23, C51) | T53: LM252: morsetto 603 + 2×522/2 + 2×401/1 (rif. C23, C51) | V53: LM252: morsetto 603 + 2×522/2 + 2×401/1 (rif. C23, C51) | X53: LM252: morsetto 603 + 2×522/2 + 2×401/1 (rif. C23, C51) | Z53: LM252: morsetto 603 + 2×522/2 + 2×401/1 (rif. C23, C51) | AD53: LM252: morsetto 603 + 2×522/2 + 2×401/1 (rif. C23, C51) | AF53: LM252: morsetto 603 + 2×522/2 + 2×401/1 (rif. C23, C51)
A54: CATENA DI SOSPENSIONE (V)
A55: CATENA D'ANGOLO (TA2)
A56: CATENA AUSILIARIA
A57: NOTE

Sheet T.842
D1: AOT - Torino | AD1: QUADRO SINOTTICO Linea 132 kV n° 842 QUARTAIE-MOLASSANA
D2: Unità Impianti Genova | Z2: Aggiornamento 26/03/2018
B4: Sostegno | G4: Morsetteria | I4: Isolatori | Q4: Campata | S4: Conduttori | Y4: Corda di guardia | AC4: Attraversamenti
B5: n° | C5: tipo hu (m) | D5: armamento | E5: disposizione fasi | F5: fondazione | G5: conduttore | H5: f.d.g. | I5: tipo | J5: colore | K5: numero | L5: Contrappesi | M5: Antivibranti | N5: Lunghezza | P5: Dislivello | Q5: n° | R5: angolo | S5: tipo | T5: n° | U5: n° terne | V5: Giunti | W5: Fase | X5: Tiro Orizz./ | Y5: tipo | Z5: n° | AA5: n° | AB5: n° | AC5: Comuni
L6: n° x fase | M6: n° x fase/ | N6: progres. | O6: parziale | P6: attacco | R6: deviazione | W6: giunto | X6: (Param) | Z6: funi | AA6: giunti | AB6: sfere | AC6: attraversati
M7: /c.d.g. | R7: °cent S/D
B8: 0 | C8: Portale H15 | D8: DA+3SS | E8: gatto | H8: amarro | I8: Rigida U120 | N8: 0
D9: 4x25kg | K9: 57 | N9: =N11+O9 -> #VALUE! | O9: 186.99 | Q9: 000-102 | S9: Al-Ac Ø 31,5 mm - sez. 585,3 mm² | T9: 1 | U9: 1 | Y9: Alw Ø 11,5 mm | Z9: 1 | AC9: Moconesi (GE) | AD9: SS225
B10: 102 | C10: Poligonale SP | D10: DA+3comp. | E10: doppia terna con T.841 | H10: amarro | I10: U120N | N10: =N8+O9 -> 186.99 | R10: 262c63 | AD10: Capannone Fiume
K11: 216 | N11: =N13+O11 -> #VALUE! | O11: 141.73 | Q11: 102-101 | T11: 1 | U11: 1 | Z11: 0 | AD11: 15kV SC
B12: 101 | C12: N18 | D12: DS | E12: doppia terna con T.841 | H12: amarro | I12: U120N | N12: =N10+O11 -> 328.72 | AD12: Sovrapassa 66kV RFI
K13: 108 | N13: =N15+O13 -> #VALUE! | O13: 73.76 | Q13: 101-224 | T13: 1 | U13: 1 | Y13: Alw Ø 11,5 mm | Z13: 1
B14: 224 | C14: E18 | D14: DA+3SS | E14: doppia terna con T.841 | H14: amarro | I14: U120N | N14: =N12+O13 -> 402.48 | R14: 312c09
B15: ASSEMBLAGGIO | K15: 378 | N15: =N17+O15 -> #VALUE! | O15: 270.71 | Q15: 224-225 | S15: AAAC LIN_C80/11 Ø 14,1 mm - sez. 118,67 mm² | T15: 1 | U15: 2 | Y15: Acciaio rivestito alluminio Ø 9 mm - LIN_C30 | Z15: 1 | AD15: Rustico Torrente SC. Teleferica
B16: =B14+1 -> 225 | C16: L | D16: DA-SA | H16: amarro | I16: U120N | N16: =N14+O15 -> 673.19
K17: 162 | N17: =N19+O17 -> #VALUE! | O17: 188.69 | Q17: 225-226 | T17: 1 | U17: 2 | Z17: 1 | AD17: Torrente Lav
B18: =B16+1 -> 226 | C18: L | D18: SA-DA | H18: amarro | I18: U120N | N18: =N16+O17 -> 861.88
K19: 162 | N19: =N21+O19 -> #VALUE! | O19: 181.28 | Q19: 226-227 | T19: 1 | U19: 2 | Z19: 1 | AD19: SC. BT. IP. Teleferica
B20: =B18+1 -> 227 | C20: L | D20: DA | H20: amarro | I20: U120N | N20: =N18+O19 -> 1043.16
K21: 216 | N21: =N23+O21 -> #VALUE! | O21: 86.76 | Q21: 227-228 | T21: 1 | U21: 2 | Z21: 1 | AD21: BT in cavo casa a 5 mt.
B22: =B20+1 -> 228 | C22: L | D22: DS | H22: sosp. | I22: U120N | N22: =N20+O21 -> 1129.92
K23: 108 | N23: =N25+O23 -> #VALUE! | O23: 151.01 | Q23: 228-229 | T23: 1 | U23: 2 | Z23: 1 | AD23: casa BT in cavo A10 SC. Teleferica - capannone
B24: =B22+1 -> 229 | C24: L | D24: DA | H24: amarro | I24: U120N | N24: =N22+O23 -> 1280.93
K25: 216 | N25: =N27+O25 -> #VALUE! | O25: 240.56 | Q25: 229-230 | T25: 1 | U25: 2 | Z25: 1
B26: =B24+1 -> 230 | C26: L | D26: DA | H26: amarro | I26: U120N | N26: =N24+O25 -> 1521.49 | AD26: 2 BT in cavo
K27: 216 | N27: =N29+O27 -> #VALUE! | O27: 198.32 | Q27: 230-231 | T27: 1 | U27: 2 | Z27: 1 | AD27: Teleferica
B28: =B26+1 -> 231 | C28: L | D28: DS | H28: sosp. | I28: U120N | N28: =N26+O27 -> 1719.81 | AD28: BT
K29: 108 | N29: =N31+O29 -> #VALUE! | O29: 141.32 | Q29: 231-232 | T29: 1 | U29: 2 | Z29: 1 | AD29: Teleferica
B30: =B28+1 -> 232 | C30: T | D30: SA | H30: amarro | I30: U120N | N30: =N28+O29 -> 1861.13 | R30: 214c14
K31: 108 | N31: =N33+O31 -> #VALUE! | O31: 151.2 | Q31: 232-233 | T31: 1 | U31: 2 | Z31: 1 | AD31: Teleferica BT SC Str,privata
B32: =B30+1 -> 233 | C32: L | D32: DS | H32: sosp. | I32: U120N | L32: 2x25kg | N32: =N30+O31 -> 2012.33
K33: 108 | N33: =N35+O33 -> #VALUE! | O33: 268.5 | Q33: 233-234 | T33: 1 | U33: 2 | Z33: 1 | AD33: Vasca acqua tubo acqua
B34: =B32+1 -> 234 | C34: L | D34: DS | H34: sosp. | I34: U120N | L34: 2x25kg | N34: =N32+O33 -> 2280.83
K35: 108 | N35: =N37+O35 -> #VALUE! | O35: 91.88 | Q35: 234-235 | T35: 1 | U35: 2 | Z35: 1
B36: =B34+1 -> 235 | C36: L | D36: SS | E36: fasi basse amarrate al fusto | H36: sosp. | I36: U120N | K36: 72 | N36: =N34+O35 -> 2372.71
D37: 2 catene reazione | K37: 18 | N37: =N39+O37 -> #VALUE! | O37: 271 | Q37: 235-236 | T37: 1 | U37: 2 | Z37: 1 | AD37: Vasca acquedotto BT in cavo SV. - Teleferica
B38: =B36+1 -> 236 | C38: L | D38: DS | H38: sosp. | I38: U120N | N38: =N36+O37 -> 2643.71
K39: 108 | N39: =N41+O39 -> #VALUE! | O39: 250.41 | Q39: 236-237 | T39: 1 | U39: 2 | Y39: Acciaio rivestito alluminio Ø 9 mm - LIN_C30 | Z39: 1 | AC39: Moconesi (GE)
B40: 237 | C40: L | D40: SA | H40: amarro | I40: U120N | N40: =N38+O39 -> 2894.12 | AD40: BT in cavo
K41: 108 | N41: =N43+O41 -> #VALUE! | O41: 153.45 | Q41: 237-238 | T41: 1 | U41: 2 | Z41: 1 | AD41: Baracca
B42: 238 | C42: L | D42: DS | H42: sosp. | I42: U120N | N42: =N40+O41 -> 3047.57 | P42: 199c90
K43: 108 | N43: =N45+O43 -> #VALUE! | O43: 141.09 | Q43: 238-239 | T43: 1 | U43: 2 | Z43: 1
B44: =B42+1 -> 239 | C44: L | D44: DS | H44: sosp. | I44: U120N | N44: =N42+O43 -> 3188.66 | AD44: BT. In cavo
K45: 108 | N45: =N47+O45 -> #VALUE! | O45: 136.78 | Q45: 239-240 | T45: 1 | U45: 2 | Z45: 1
B46: =B44+1 -> 240 | C46: L | D46: DS | E46: fasa bassa DX amarrate al fusto | H46: sosp. | I46: U120N | K46: 108 | N46: =N44+O45 -> 3325.44
D47: 1 catena reazione | K47: 9 | N47: =N49+O47 -> #VALUE! | O47: 114.86 | Q47: 240-241 | T47: 1 | U47: 2 | Z47: 1
B48: =B46+1 -> 241 | C48: L | D48: DA | H48: amarro | I48: U120N | N48: =N46+O47 -> 3440.3 | AD48: BT. In cavo
K49: 216 | N49: =N51+O49 -> #VALUE! | O49: 234 | Q49: 241-242 | T49: 1 | U49: 2 | Z49: 1 | AD49: SP. Per Moconesi Str. Privata
B50: =B48+1 -> 242 | C50: T | D50: DA-SA | H50: amarro | I50: U120N | N50: =N48+O49 -> 3674.3 | P50: 203c10
K51: 162 | N51: =N53+O51 -> #VALUE! | O51: 101.54 | Q51: 242-243 | T51: 1 | U51: 2 | Z51: 1
B52: =B50+1 -> 243 | C52: L | D52: SA-DA | H52: amarro | I52: U120N | N52: =N50+O51 -> 3775.84
K53: 162 | N53: =N55+O53 -> #VALUE! | O53: 362.2 | Q53: 243-244 | T53: 1 | U53: 2 | Z53: 1 | AB53: 3 | AD53: SV. Baracca 2Serre torrente Neirone - BT IP SP 2BT. 2 15kV.
B54: =B52+1 -> 244 | C54: T | D54: DA | H54: amarro | I54: U120N | N54: =N52+O53 -> 4138.04 | P54: 203c10
K55: 216 | N55: =N57+O55 -> #VALUE! | O55: 56.6 | Q55: 244-245 | T55: 1 | U55: 2 | Z55: 1 | AD55: SV: BT in cavo
B56: =B54+1 -> 245 | C56: L | D56: DS | H56: sosp. | I56: U120N | N56: =N54+O55 -> 4194.64
K57: 108 | N57: =N59+O57 -> #VALUE! | O57: 233.15 | Q57: 245-246 | T57: 1 | U57: 2 | Z57: 1 | AC57: Neirone (GE) | AD57: Capannone SV. BT in cavo - 2 15kV.
B58: =B56+1 -> 246 | C58: L | D58: DA | H58: amarro | I58: U120N | N58: =N56+O57 -> 4427.79
K59: 216 | N59: =N61+O59 -> #VALUE! | O59: 242.95 | Q59: 246-247 | T59: 1 | U59: 2 | Z59: 1 | AD59: BT in cavo BT privata SC. BT - Str, privata
B60: =B58+1 -> 247 | C60: L | D60: DS | H60: sosp. | I60: U120N | N60: =N58+O59 -> 4670.74
K61: 108 | N61: =N63+O61 -> #VALUE! | O61: 244.12 | Q61: 247-248 | T61: 1 | U61: 2 | Z61: 1
B62: =B60+1 -> 248 | C62: L | D62: SS | H62: sosp. | I62: U120N | L62: 2x25kg | N62: =N60+O61 -> 4914.86
K63: 54 | N63: =N65+O63 -> #VALUE! | O63: 169.92 | Q63: 248-249 | T63: 1 | U63: 2 | Z63: 1
B64: =B62+1 -> 249 | C64: L | D64: DS | H64: sosp. | I64: U120N | N64: =N62+O63 -> 5084.78
K65: 108 | N65: =N67+O65 -> #VALUE! | O65: 123.63 | Q65: 249-250 | T65: 1 | U65: 2 | Z65: 1
B66: =B64+1 -> 250 | C66: L | D66: DS | H66: sosp. | I66: U120N | N66: =N64+O65 -> 5208.41 | AD66: SV.
K67: 108 | N67: =N69+O67 -> #VALUE! | O67: 210 | Q67: 250-251 | T67: 1 | U67: 2 | Z67: 1
B68: =B66+1 -> 251 | C68: T | D68: DA | H68: amarro | I68: U120N | N68: =N66+O67 -> 5418.41 | P68: 225c50 | AD68: BT. In cavo SV.
K69: 216 | N69: =N71+O69 -> #VALUE! | O69: 193.13 | Q69: 251-252 | T69: 1 | U69: 2 | Z69: 1 | AD69: Baracca SV. BT in cavo
B70: =B68+1 -> 252 | C70: T | D70: DA | H70: amarro | I70: U120N | N70: =N68+O69 -> 5611.54
K71: 240 | N71: =O71+N73 -> #VALUE! | O71: 285.26 | Q71: 252-253 | T71: 1 | U71: 2 | Z71: 1 | AC71: Uscio (GE) | AD71: Torrente Lav. SS. 225 - 66kV FS
B72: =B70+1 -> 253 | C72: T | D72: DA-SA | H72: amarro | I72: U120N | N72: =N70+O71 -> 5896.8 | P72: 222c50
K73: 162 | N73: =N75+O73 -> #VALUE! | O73: 79.48 | Q73: 253-254 | S73: AAAC LIN_C80/11 Ø 14,1 mm - sez. 118,67 mm² | T73: 1 | U73: 2 | Y73: Acciaio rivestito alluminio Ø 9 mm - LIN_C30 | Z73: 1 | AC73: Uscio (GE)
B74: =B72+1 -> 254 | C74: L | D74: SS | H74: sosp. | I74: U120N | N74: =N72+O73 -> 5976.28
K75: 54 | N75: =N77+O75 -> #VALUE! | O75: 157.03 | Q75: 254-255 | T75: 1 | U75: 2 | Z75: 1
B76: =B74+1 -> 255 | C76: T | D76: SA | H76: amarro | I76: U120N | N76: =N74+O75 -> 6133.31
K77: 108 | N77: =N79+O77 -> #VALUE! | O77: 216.08 | Q77: 255-256 | T77: 1 | U77: 2 | Z77: 1 | AD77: Teleferica
B78: =B76+1 -> 256 | C78: T | D78: SA | H78: amarro | I78: U120N | N78: =N76+O77 -> 6349.39 | P78: 143c65
K79: 108 | N79: =N81+O79 -> #VALUE! | O79: 343.26 | Q79: 256-257 | T79: 1 | U79: 2 | Z79: 1 | AB79: 5 | AC79: Lumarzo (GE) | AD79: Rustico
B80: =B78+1 -> 257 | C80: L | D80: SA-DA | H80: amarro | I80: U120N | N80: =N78+O79 -> 6692.65 | P80: 226c93
K81: 162 | N81: =N83+O81 -> #VALUE! | O81: 152.95 | Q81: 257-258 | T81: 1 | U81: 2 | Z81: 1 | AD81: SP. Per Lumarzo L. telefono
B82: =B80+1 -> 258 | C82: L | D82: DS | H82: sosp. | I82: U120N | N82: =N80+O81 -> 6845.6
K83: 108 | N83: =N85+O83 -> #VALUE! | O83: 231.12 | Q83: 258-259 | T83: 1 | U83: 2 | Z83: 1
B84: =B82+1 -> 259 | C84: L | D84: SA-DA | H84: amarro | I84: U120N | N84: =N82+O83 -> 7076.72
B85: ASSEMBLAGGIO | K85: 162 | N85: =N87+O85 -> #VALUE! | O85: 211.5 | Q85: 259-260 | T85: 1 | U85: 2 | Z85: 1 | AD85: 15kV. SC. Str. Privata
B86: =B84+1 -> 260 | C86: L | D86: DS | H86: sosp. | I86: U120N | N86: =N84+O85 -> 7288.22
D87: CUSPIDE | K87: 108 | N87: =N89+O87 -> #VALUE! | O87: 297 | Q87: 260-261 | T87: 1 | U87: 2 | Z87: 1
B88: =B86+1 -> 261 | C88: L | D88: SS | H88: sosp. | I88: U120N | N88: =N86+O87 -> 7585.22
K89: 54 | N89: =N91+O89 -> #VALUE! | O89: 102.6 | Q89: 261-262 | T89: 1 | U89: 2 | Z89: 1
B90: =B88+1 -> 262 | C90: L | D90: SS | H90: sosp. | I90: U120N | N90: =N88+O89 -> 7687.82
K91: 54 | N91: =N93+O91 -> #VALUE! | O91: 216.89 | Q91: 262-263 | T91: 1 | U91: 2 | Z91: 1
B92: =B90+1 -> 263 | C92: L | D92: SS | H92: sosp. | I92: U120N | L92: 2x25kg | N92: =N90+O91 -> 7904.71
K93: 54 | N93: =N95+O93 -> #VALUE! | O93: 198.68 | Q93: 263-264 | T93: 1 | U93: 2 | Z93: 1
B94: =B92+1 -> 264 | C94: L | D94: SS | E94: fasa bassa SX amarrate al fusto | H94: sosp. | I94: U120N | K94: 72 | N94: =N92+O93 -> 8103.39
D95: 1 catena reazione | K95: 9 | N95: =N97+O95 -> #VALUE! | O95: 190.53 | Q95: 264-265 | T95: 1 | U95: 2 | Z95: 1
B96: =B94+1 -> 265 | C96: L | D96: SS | H96: sosp. | I96: U120N | L96: 2x25kg | N96: =N94+O95 -> 8293.92 | P96: 201c02
K97: 54 | N97: =N99+O97 -> #VALUE! | O97: 269.41 | Q97: 265-266 | T97: 1 | U97: 2 | Z97: 1
B98: =B96+1 -> 266 | C98: 060 | D98: DA | H98: amarro | I98: U120N | K98: 216 | N98: =N96+O97 -> 8563.33 | P98: 160c98
D99: 3 catene reazione | K99: 27 | N99: =N101+O99 -> #VALUE! | O99: 156.11 | Q99: 266-267 | T99: 1 | U99: 2 | Z99: 1 | AD99: 4 telefoniche SS. Cascinale - baracca lamiera
B100: =B98+1 -> 267 | C100: 060 | D100: DA | H100: amarro | I100: U120N | K100: 216 | N100: =N98+O99 -> 8719.44 | P100: 248c13
D101: 3 catene reazione | K101: 27 | N101: =N103+O101 -> #VALUE! | O101: 215.65 | Q101: 267-268 | T101: 1 | U101: 2 | Z101: 1 | AD101: BT in cavo BT IP.2SC Str. Privata
...

Sheet TESATURA_NORMALIZADA
A1: ID tramo | B1: Sostegno inicial | C1: Sostegno final | D1: Temperatura (°C) | E1: Tiro inicial (daN) | F1: Tiro final (daN) | G1: Tiro mínimo (daN) | H1: Fuente TESATURA
A2: 1 | B2: Port.Quartaie | C2: 102 | D2: 10 | E2: 359 | F2: 364 | G2: 359 | H2: TESATURA!179:180
A3: 2 | B3: 102 | C3: 101 | D3: 10 | E3: 374 | F3: 389 | G3: 374 | H3: TESATURA!209:211
A4: 3 | B4: 101 | C4: 224 | D4: 10 | E4: 797 | F4: 803 | G4: 797 | H4: TESATURA!244:246
A5: 4 | B5: 224 | C5: 225 | D5: 10 | E5: 358 | F5: 334 | G5: 334 | H5: TESATURA!279:281
A6: 5 | B6: 225 | C6: 226 | D6: 10 | E6: 344 | F6: 348 | G6: 344 | H6: TESATURA!314:316
A7: 6 | B7: 226 | C7: 227 | D7: 10 | E7: 388 | F7: 402 | G7: 388 | H7: TESATURA!349:351
A8: 7 | B8: 227 | C8: 228 | D8: 10 | E8: 1532 | F8: 1540 | G8: 1532 | H8: TESATURA!384:386
A9: 8 | B9: 228 | C9: 229 | D9: 10 | E9: 436 | F9: 427 | G9: 427 | H9: TESATURA!419:421
A10: 9 | B10: 229 | C10: 230 | D10: 10 | E10: 332 | F10: 347 | G10: 332 | H10: TESATURA!454:456
A11: 10 | B11: 230 | C11: 231 | D11: 10 | E11: 373 | F11: 376 | G11: 373 | H11: TESATURA!489:491
A12: 11 | B12: 231 | C12: 232 | D12: 10 | E12: 657 | F12: 653 | G12: 653 | H12: TESATURA!524:526
A13: 12 | B13: 232 | C13: 233 | D13: 10 | E13: 304 | F13: 297 | G13: 297 | H13: TESATURA!559:561
A14: 13 | B14: 233 | C14: 234 | D14: 10 | E14: 351 | F14: 355 | G14: 351 | H14: TESATURA!594:596
... A64: 63 | B64: 283 | C64: 284 | D64: 10 | E64: 524 | F64: 509 | G64: 509 | H64: TESATURA!2344:2346

Sheet 04 Interferencias
A1: INVENTARIO DE CRUZAMIENTOS E INTERFERENCIAS
A2: Extraído del sinóptico. Las líneas MT en ROJO del KMZ de TERNA requieren puesta en seguridad, salvo conductor aislado
A4: Vano | B4: Long. (m) | C4: Municipio | D4: Descripción original (IT) | E4: MT (15/30 kV) | F4: BT | G4: Telefónica | H4: Teleférico | I4: Torrente/agua | J4: Vía / SS / SP | K4: Ferrocarril | L4: Edificación | M4: Requiere descargo MT | N4: Acción prevista
A5: 000-102 | B5: 186.99 | C5: Moconesi (GE) | D5: SS225 | M5: — | N5: Verificar en sopralluogo
A6: 102-101 | B6: 141.73 | D6: 15kV SC | E6: X | M6: SÍ (salvo aislado) | N6: Solicitar descargo MT a e-distribuzione en ventana acordada con TERNA + PaT y verificación de ausencia de tensión
A7: 224-225 | B7: 270.71 | D7: Rustico Torrente SC. Teleferica | H7: X | I7: X | L7: X | M7: — | N7: Coordinación con titular del teleférico – bloqueo y consignación
A8: 225-226 | B8: 188.69 | D8: Torrente Lav | I8: X | M8: — | N8: Pórtico o red de protección sobre el obstáculo
A9: 226-227 | B9: 181.28 | D9: SC. BT. IP. Teleferica | F9: X | H9: X | M9: — | N9: Pórtico de protección o descargo BT/telefónica
A10: 227-228 | B10: 86.76 | D10: BT in cavo casa a 5 mt. | E10: X | F10: X | L10: X | M10: NO – conductor aislado | N10: Protección mecánica / pórtico de protección, sin descargo
A11: 228-229 | B11: 151.01 | D11: casa BT in cavo A10 SC. Teleferica - capannone | F11: X | H11: X | L11: X | M11: — | N11: Pórtico de protección o descargo BT/telefónica
A12: 230-231 | B12: 198.32 | D12: Teleferica | H12: X | M12: — | N12: Coordinación con titular del teleférico – bloqueo y consignación
A13: 231-232 | B13: 141.32 | D13: Teleferica | H13: X | M13: — | N13: Coordinación con titular del teleférico – bloqueo y consignación
A14: 232-233 | B14: 151.2 | D14: Teleferica BT SC Str,privata | F14: X | H14: X | J14: X | M14: — | N14: Pórtico de protección o descargo BT/telefónica
A15: 233-234 | B15: 268.5 | D15: Vasca acqua tubo acqua | I15: X | M15: — | N15: Pórtico o red de protección sobre el obstáculo
A16: 235-236 | B16: 271 | D16: Vasca acquedotto BT in cavo SV. - Teleferica | F16: X | H16: X | I16: X | M16: — | N16: Pórtico de protección o descargo BT/telefónica
A17: 237-238 | B17: 153.45 | D17: Baracca | L17: X | M17: — | N17: Pórtico o red de protección sobre el obstáculo
A18: 241-242 | B18: 234 | D18: SP. Per Moconesi Str. Privata | J18: X | M18: — | N18: Pórtico o red de protección sobre el obstáculo
A19: 243-244 | B19: 362.2 | D19: SV. Baracca 2Serre torrente Neirone - BT IP SP 2BT. 2 15kV. | E19: X | F19: X | I19: X | J19: X | L19: X | M19: SÍ (salvo aislado) | N19: Solicitar descargo MT a e-distribuzione en ventana acordada con TERNA + PaT y verificación de ausencia de tensión
A20: 244-245 | B20: 56.6 | D20: SV: BT in cavo | F20: X | M20: — | N20: Pórtico de protección o descargo BT/telefónica
A21: 245-246 | B21: 233.15 | C21: Neirone (GE) | D21: Capannone SV. BT in cavo - 2 15kV. | E21: X | F21: X | L21: X | M21: NO – conductor aislado | N21: Protección mecánica / pórtico de protección, sin descargo
A22: 246-247 | B22: 242.95 | D22: BT in cavo BT privata SC. BT - Str, privata | F22: X | J22: X | M22: — | N22: Pórtico de protección o descargo BT/telefónica
A23: 251-252 | B23: 193.13 | D23: Baracca SV. BT in cavo | F23: X | L23: X | M23: — | N23: Pórtico de protección o descargo BT/telefónica
A24: 252-253 | B24: 285.26 | C24: Uscio (GE) | D24: Torrente Lav. SS. 225 - 66kV FS | I24: X | J24: X | K24: X | M24: — | N24: Pórtico o red de protección sobre el obstáculo
A25: 255-256 | B25: 216.08 | D25: Teleferica | H25: X | M25: — | N25: Coordinación con titular del teleférico – bloqueo y consignación
A26: 256-257 | B26: 343.26 | C26: Lumarzo (GE) | D26: Rustico | L26: X | M26: — | N26: Pórtico o red de protección sobre el obstáculo
A27: 257-258 | B27: 152.95 | D27: SP. Per Lumarzo L. telefono | G27: X | J27: X | M27: — | N27: Pórtico de protección o descargo BT/telefónica
A28: 259-260 | B28: 211.5 | D28: 15kV. SC. Str. Privata | E28: X | J28: X | M28: SÍ (salvo aislado) | N28: Solicitar descargo MT a e-distribuzione en ventana acordada con TERNA + PaT y verificación de ausencia de tensión
A29: 266-267 | B29: 156.11 | D29: 4 telefoniche SS. Cascinale - baracca lamiera | G29: X | J29: X | L29: X | M29: — | N29: Pórtico de protección o descargo BT/telefónica
A30: 267-268 | B30: 215.65 | D30: BT in cavo BT IP.2SC Str. Privata | F30: X | J30: X | M30: — | N30: Pórtico de protección o descargo BT/telefónica
A31: 271-272 | B31: 79.11 | D31: SC. | M31: — | N31: Verificar en sopralluogo
A32: 275-276 | B32: 116.94 | D32: 2BT in cavo 2BT. IP. SC. Baracca | F32: X | L32: X | M32: — | N32: Pórtico de protección o descargo BT/telefónica
A33: 276-277 | B33: 171.96 | D33: BT. IP. SP. Per S. Alberto | F33: X | J33: X | M33: — | N33: Pórtico de protección o descargo BT/telefónica
A34: 277-278 | B34: 204.47 | D34: 15 kV. | E34: X | M34: SÍ (salvo aislado) | N34: Solicitar descargo MT a e-distribuzione en ventana acordada con TERNA + PaT y verificación de ausencia de tensión
A35: 281-282 | B35: 189.54 | D35: 15 kV precordato | E35: X | M35: NO – conductor aislado | N35: Protección mecánica / pórtico de protección, sin descargo
A36: 282-283 | B36: 206.8 | D36: BT. | F36: X | M36: — | N36: Pórtico de protección o descargo BT/telefónica
A37: 283-284 | B37: 108.68 | D37: BT. | F37: X | M37: — | N37: Pórtico de protección o descargo BT/telefónica
A38: 284-285 | B38: 82.89 | D38: SS. N° 45 | J38: X | M38: — | N38: Pórtico o red de protección sobre el obstáculo
A39: 285-286 | B39: 363.2 | C39: Davagna (GE) | D39: Pallorcio | M39: — | N39: Verificar en sopralluogo
A40: 286-287 | B40: 182.32 | D40: 15 kV. | E40: X | M40: SÍ (salvo aislado) | N40: Solicitar descargo MT a e-distribuzione en ventana acordada con TERNA + PaT y verificación de ausencia de tensión
A41: 292-293 | B41: 233.46 | D41: Rustico Telefonica | G41: X | L41: X | M41: — | N41: Pórtico de protección o descargo BT/telefónica
A42: 293-294 | B42: 175.92 | D42: 3 MT precordato 2Baracche | E42: X | L42: X | M42: NO – conductor aislado | N42: Protección mecánica / pórtico de protección, sin descargo
A43: 294-295 | B43: 154.92 | D43: Pallorcio e Rustico | L43: X | M43: — | N43: Pórtico o red de protección sobre el obstáculo
A44: 295-296 | B44: 241.23 | D44: SP. Per Cavassolo | J44: X | M44: — | N44: Pórtico o red de protección sobre el obstáculo
A45: 298-299 | B45: 76.12 | D45: Sovrapassa Falk | M45: — | N45: Verificar en sopralluogo
A46: 299-300 | B46: 216.93 | D46: BT. | F46: X | M46: — | N46: Pórtico de protección o descargo BT/telefónica
A47: 300-301 | B47: 239 | D47: Baracca BT. Aerea SC. SV. - Btrame | F47: X | L47: X | M47: — | N47: Pórtico de protección o descargo BT/telefónica
A48: 301-302 | B48: 315.57 | D48: SP. 15 kV precordato. BT in Cavo | E48: X | F48: X | J48: X | M48: NO – conductor aislado | N48: Protección mecánica / pórtico de protección, sin descargo
A49: 302-303 | B49: 82.21 | D49: SP. Cavassolo Davagna | J49: X | M49: — | N49: Pórtico o red de protección sobre el obstáculo
A50: 303-304 | B50: 104.89 | D50: 2 MT. BT. Casa SP. | E50: X | F50: X | J50: X | L50: X | M50: SÍ (salvo aislado) | N50: Solicitar descargo MT a e-distribuzione en ventana acordada con TERNA + PaT y verificación de ausencia de tensión
A51: 304-305 | B51: 345.35 | C51: Genova | D51: SC. BT in cavo | F51: X | M51: — | N51: Pórtico de protección o descargo BT/telefónica
A52: 308-309 | B52: 169.32 | D52: Str. Privata - BT in cavo BT. IP. Fienile Str. Privata | F52: X | J52: X | L52: X | M52: — | N52: Pórtico de protección o descargo BT/telefónica
A53: 309-310 | B53: 158.51 | D53: 15 kV precordato. Garage Str.privata | E53: X | J53: X | L53: X | M53: NO – conductor aislado | N53: Protección mecánica / pórtico de protección, sin descargo
A54: 310-311 | B54: 230.34 | D54: 15kV. SC.BT in cavo 2BT. IP - 2 baracche in lamiera | E54: X | F54: X | L54: X | M54: NO – conductor aislado | N54: Protección mecánica / pórtico de protección, sin descargo
A55: 317-318 | B55: 149.84 | D55: SP. Per Creto | J55: X | M55: — | N55: Pórtico o red de protección sobre el obstáculo
A56: 319-320 | B56: 210.25 | D56: 15 kV. 2Pallorci BT. In cavo | E56: X | F56: X | M56: NO – conductor aislado | N56: Protección mecánica / pórtico de protección, sin descargo
A57: 320-321 | B57: 166.04 | D57: Tubo acqua | I57: X | M57: — | N57: Pórtico o red de protección sobre el obstáculo
A58: 323-324 | B58: 85.8 | D58: 30 kV -15kV | E58: X | M58: SÍ (salvo aislado) | N58: Solicitar descargo MT a e-distribuzione en ventana acordada con TERNA + PaT y verificación de ausencia de tensión
A59: 324-325 | B59: 417.49 | D59: 2- 15 kV. 2Bt in cavo 4- telefoniche - BT. IP. | E59: X | F59: X | G59: X | M59: NO – conductor aislado | N59: Protección mecánica / pórtico de protección, sin descargo
A60: 325-326 | B60: 146.82 | D60: Garage in lamiera | L60: X | M60: — | N60: Pórtico o red de protección sobre el obstáculo
A61: 326-327 | B61: 253.41 | D61: 4-BT in cavo Via Struppa Cava - Torrente Bisagno SC. Magazz.Com | F61: X | I61: X | J61: X | L61: X | M61: — | N61: Pórtico de protección o descargo BT/telefónica
A62: 327-328 | B62: 273.6 | D62: Str. Privata Baracca Legno | J62: X | L62: X | M62: — | N62: Pórtico o red de protección sobre el obstáculo
A63: 329-330 | B63: 231.07 | D63: 15 kV. | E63: X | M63: SÍ (salvo aislado) | N63: Solicitar descargo MT a e-distribuzione en ventana acordada con TERNA + PaT y verificación de ausencia de tensión
A65: Vanos con interferencia identificada: 58
A66: Vanos con MT (15/30 kV): 17 → principal condicionante de programación
A67: Vanos con BT / alumbrado público: 25
A68: Vanos con línea telefónica: 4
A69: Vanos con teleférico: 8 → riesgo específico, exigen consignación con el titular privado
A70: Vanos con ferrocarril (RFI / 66 kV FS): 1 → permiso RFI, plazo largo, coste de asistencia
A71: ⚠ El sinóptico es de 2018. El inventario real de interferencias DEBE verificarse en el sopralluogo del 22/07 y contrastarse con el KMZ en rojo de TERNA.
A72: ⚠ Los descargos de MT los gestiona el distribuidor (e-distribuzione), no TERNA. Plazo típico 30–60 días y ventanas limitadas → riesgo de plazo y de improductividad si no coinciden con el FS de la línea.
